Date,Regime,MomentumScore,SigmaTargetDaily,w_Equity_SP500,w_GovBonds_10y+,w_Gold,w_Commodities,w_REITs_US,w_Cash_TBills,w_Equity_DevExUS_VEA,w_Equity_EM_VWO,w_Equity_Japan_EWJ,w_Equity_Eurozone_EZU,w_Equity_EM_EEM,w_Equity_Europe_FEZ
2015-01-31 23:59:59.999999999,Stable,0.5119694668158841,0.00629940788348712,0.3192839711054949,0.1286835612998506,0.0,0.0051016103711820325,0.0,0.21228638615195292,0.12175036886725807,0.0,0.0,0.11631206828459328,0.0,0.0965820339196682
2015-02-28 23:59:59.999999999,Stable,0.6125870290431107,0.00629940788348712,0.1347158636708074,0.03727052891154109,0.0,0.0,0.0,0.36126629888230294,0.11876930852150211,0.0,0.04602519480550067,0.18276077036185892,0.0,0.1191920348464869
2015-03-31 23:59:59.999999999,Stable,0.5984533841598126,0.00629940788348712,0.12193540908491256,0.045307908621119775,0.0,0.0,0.0,0.35211080487912133,0.140798551517107,0.0,0.05674033508381114,0.17782058997327918,0.0,0.10528640084064883
2015-04-30 23:59:59.999999999,Croissance,0.45506271496421224,0.00629940788348712,0.1708963503557453,0.26459939816281436,0.031114718397205712,0.0,0.10599560450106975,0.17554601509836346,0.12326258285206297,0.0,0.0,0.0752727529602994,0.0,0.05331257767243904
2015-05-31 23:59:59.999999999,Stable,0.5802524213037952,0.00629940788348712,0.1055717657916729,0.10789086425691655,0.0,0.0,0.0,0.3556238420571129,0.20331454351368017,0.0,0.12742683564999166,0.09168407586393078,0.0,0.008488072866695047
2015-06-30 23:59:59.999999999,Croissance,0.5297954042050367,0.00629940788348712,0.2304483875662641,0.2276468631819125,0.06175223495040765,0.0,0.06656342222965124,0.19885064900557275,0.13814171847681722,0.0,0.0,0.06249845585541283,0.0,0.01409826873396164
2015-07-31 23:59:59.999999999,Stable,0.5608428319401086,0.00629940788348712,0.3445649661236892,0.07098223237757194,0.0,0.0,0.0,0.28135242300617264,0.1144724678566824,0.0,0.06617919152652403,0.07752112878095828,0.0,0.044927590328401656
2015-08-31 23:59:59.999999999,Stable,0.53879726360785,0.00629940788348712,0.25092189327325276,0.09356679111767356,0.0,0.0,0.0,0.3347359781086573,0.10859970101325024,0.0,0.018121942590986578,0.1059070354281216,0.0,0.088146658468058
2015-09-30 23:59:59.999999999,Stable,0.532891578254531,0.00629940788348712,0.1532050115736875,0.02626612569849457,0.0,0.0,0.0,0.3812338505085462,0.09492079063100005,0.0,0.09748908331624567,0.14846512772850814,0.0,0.0984200105435179
2015-10-31 23:59:59.999999999,Stable,0.5456329793395838,0.00629940788348712,0.17316657673532918,0.03310223979235187,0.0,0.0,0.0,0.39696101517454035,0.11589869361570256,0.0,0.02392808655594521,0.1533506138156798,0.0,0.10359277431045107
2015-11-30 23:59:59.999999999,Stable,0.5045546408008346,0.00629940788348712,0.23451341558711122,0.0,0.0,0.0,0.0,0.3809225884582369,0.11702358513421005,0.0,0.11205436656282301,0.11081249674420303,0.0,0.04467354751341576
2015-12-31 23:59:59.999999999,Stable,0.5196852850465434,0.00629940788348712,0.15779664702259283,0.0,0.0,0.0,0.0,0.41056543080285424,0.08837665824354474,0.0,0.08392886541286254,0.1473554635623221,0.0,0.11197693495582355
2016-01-31 23:59:59.999999999,Stable,0.4953921412943806,0.00629940788348712,0.12243086985828926,0.0,0.0,0.0,0.0,0.4247758956457941,0.16117032485276814,0.0,0.1723359329023786,0.10011137013975292,0.0,0.01917560660101685
2016-02-29 23:59:59.999999999,Stable,0.5334098824362163,0.00629940788348712,0.0840047573578297,0.0,0.0,0.0,0.0,0.46813631489316143,0.14596535476163452,0.0,0.10429450337888081,0.14434460809467367,0.0,0.05325446151381999
2016-03-31 23:59:59.999999999,Stable,0.584817920842321,0.00629940788348712,0.18180357110799897,0.007118083757822739,0.18194373554835297,0.0,0.0,0.4231166525308126,0.06664722823019256,0.0,0.12865064450660996,0.010720084318210334,0.0,0.0
2016-04-30 23:59:59.999999999,Récession,0.5653583890234436,0.00629940788348712,0.29549941145312403,0.09752088343967348,0.0,0.0,0.29549941145312403,0.13435237275058845,0.08922018596015717,0.0,0.08790773494333276,0.0,0.0,0.0
2016-05-31 23:59:59.999999999,Stable,0.572957973539918,0.00629940788348712,0.17488047601595336,0.04306850101892074,0.21974199669819788,0.0,0.010141890366900256,0.3263698807773315,0.10104026506650134,0.0,0.08293640412482736,0.04182058593136758,0.0,0.0
2016-06-30 23:59:59.999999999,Stable,0.5422335475420504,0.00629940788348712,0.21800917992940844,0.07674130049371213,0.1153631007702952,0.0,0.04761423828595837,0.3121443608126094,0.10623838813104095,0.0,0.12388943157697549,0.0,0.0,0.0
2016-07-31 23:59:59.999999999,Stable,0.5027086576416229,0.00629940788348712,0.31439118747985767,0.05319009100536196,0.11355512941415861,0.0,0.10658220965749822,0.31439118747985767,0.026732130923449605,0.0,0.07115806403981631,0.0,0.0,0.0
2016-08-31 23:59:59.999999999,Récession,0.5668955430938327,0.00629940788348712,0.00404872944164711,0.1850277544682602,0.015866046025136877,0.042487401131232276,0.1276837827557937,0.20545025765387948,0.14084807787258383,0.0,0.2785879506514665,0.0,0.0,0.0
2016-09-30 23:59:59.999999999,Stable,0.4846617172139072,0.00629940788348712,0.27883401228374843,0.19764152649459524,0.0,0.0,0.07455857790445311,0.4154881645637283,0.0,0.0,0.03128571651568531,0.0,0.0,0.002192002237789491
2016-10-31 23:59:59.999999999,Stable,0.4187690879027187,0.00629940788348712,0.28945836480411935,0.11370374618558751,0.0,0.0,0.07351431032417678,0.4438959090706893,0.007794803016787047,0.0005240467488864396,0.07110881984975352,0.0,0.0,0.0
2016-11-30 23:59:59.999999999,Croissance,0.555672446989782,0.00629940788348712,0.1674862669333336,0.2636008632023079,0.005362981646463803,0.0,0.2750043398312825,0.2818749845218036,0.0,0.006670563864808627,0.0,0.0,0.0,0.0
2016-12-31 23:59:59.999999999,Croissance,0.5534979347039443,0.00629940788348712,0.1177467420705428,0.20441697324051103,0.0,0.0,0.29258109285444106,0.3726448586843468,0.0,0.0,0.0,0.0,0.0,0.012610333150158243
2017-01-31 23:59:59.999999999,Croissance,0.5619617933780149,0.00629940788348712,0.3173720385599061,0.19319001602591793,0.0,0.0,0.23876963356931039,0.23104555764086918,0.016562199971688958,0.0,0.0,0.0,0.0,0.003060554232307498
2017-02-28 23:59:59.999999999,Croissance,0.6442601642448967,0.00629940788348712,0.11542717739391732,0.2088063875076746,0.003739481469703962,0.0,0.31791356179783087,0.3050201362411195,0.011606967679552962,0.0,0.0,0.015613891359892797,0.0,0.021872396550308034
2017-03-31 23:59:59.999999999,Croissance,0.5860043578263162,0.00629940788348712,0.35831889639150866,0.2217014523545991,0.0,0.0,0.2346139753751149,0.13668835441238866,0.048677321466388646,0.0,0.0,0.0,0.0,0.0
2017-04-30 23:59:59.999999999,Stable,0.48526327534231467,0.00629940788348712,0.35258076467838906,0.21648590949082624,0.0,0.0,0.0883460485665707,0.14698333609959097,0.0,0.1044660352193234,0.03694560854358643,0.0,0.05419229740171317,0.0
2017-05-31 23:59:59.999999999,Stable,0.49268284800253015,0.00629940788348712,0.40215699068823735,0.26782776958922844,0.043497044988633896,0.0,0.07871967038481459,0.03330972236335814,0.0,0.08615484372921377,0.04900003241642163,0.0,0.039333925840092064,0.0
2017-06-30 23:59:59.999999999,Stable,0.47208770675513767,0.00629940788348712,0.3546158660943393,0.17784476474452465,0.06246604133908637,0.0,0.035802522634763495,0.14779605038219215,0.0,0.09321513850339774,0.06944633843379193,0.0,0.05881327786790427,0.0
2017-07-31 23:59:59.999999999,Stable,0.48216430750762856,0.00629940788348712,0.3577662928869189,0.16137198927518992,0.08342494125699876,0.0,0.0,0.1576142996968437,0.0,0.09911555345690705,0.07224210241366943,0.0,0.0684648210134722,0.0
2017-08-31 23:59:59.999999999,Stable,0.4661793219913108,0.00629940788348712,0.4728468400380214,0.16355883376336197,0.0,0.0,0.0,0.01734621488562055,0.0,0.0814688358582981,0.20560561199637037,0.0,0.05917366345832762,0.0
2017-09-30 23:59:59.999999999,Stable,0.4530474996671649,0.00629940788348712,0.322366273275384,0.12139018578779871,0.0,0.0,0.0,0.15220763442331617,0.0,0.10470426132777008,0.22780538761391783,0.0,0.07152625757181309,0.0
2017-10-31 23:59:59.999999999,Stable,0.4055410466983521,0.00629940788348712,0.3611199006665201,0.11733845983552926,0.0,0.0,0.0,0.13311581907206596,0.0,0.08190502923062916,0.244947446838529,0.0,0.06157334435672652,0.0
2017-11-30 23:59:59.999999999,Stable,0.39653549222457496,0.00629940788348712,0.3545830750502915,0.11630591466278171,0.0,0.0,0.0,0.09887090288807393,0.0,0.06651033885801204,0.3030185519092361,0.0,0.06071121663160477,0.0
2017-12-31 23:59:59.999999999,Stable,0.34974040380724275,0.00629940788348712,0.39576575078300646,0.15487045664758245,0.0,0.12678736955669528,0.0,0.0,0.0,0.0,0.3113187065088488,0.0,0.01125771650386702,0.0
2018-01-31 23:59:59.999999999,Croissance,0.5911196487253914,0.00629940788348712,0.3301776920306053,0.1837669965672749,0.0,0.0,0.0971185679272386,0.22659557959060408,0.09502975417160338,0.0,0.0,0.039136507590493,0.0,0.028174902122180746
2018-02-28 23:59:59.999999999,Croissance,0.6097213293171663,0.00629940788348712,0.29727287223013177,0.11868440027873556,0.0,0.0,0.10499736813721817,0.25615461560301894,0.10275458780290024,0.0,0.01251978728362674,0.07687404396547219,0.007899450664945719,0.02284287403395074
2018-03-31 23:59:59.999999999,Stable,0.3511274766193909,0.00629940788348712,0.23568720260321804,0.07597884187861245,0.052778694451036584,0.055044514702481645,0.0,0.14947313209275392,0.05348061270810223,0.044170177412090415,0.1856478506141801,0.06982341623950039,0.07791555729802421,0.0
2018-04-30 23:59:59.999999999,Stable,0.37657068360403817,0.00629940788348712,0.07349549054877,0.16873158789307105,0.008402473381396611,0.11715257425219548,0.0,0.07577907068887402,0.08626844424920288,0.044373531562965925,0.2092449219091601,0.10782715987096551,0.10872474564339835,0.0
2018-05-31 23:59:59.999999999,Croissance,0.6167838518009889,0.00629940788348712,0.2643484796975666,0.2590308604503021,0.002781926337914638,0.0,0.0801906367241237,0.2398866248132225,0.04042264656167316,0.0,0.0,0.08750842421767521,0.0,0.025830401197522102
2018-06-30 23:59:59.999999999,Stable,0.3730481761963081,0.00629940788348712,0.2044069768597761,0.17815082629697807,0.0,0.23712647282526675,0.0,0.0,0.1276421428464027,0.0,0.13220864403660731,0.10089982319751074,0.019565113937458252,0.0
2018-07-31 23:59:59.999999999,Stable,0.37439951686232525,0.00629940788348712,0.26602550487796384,0.20633222684660465,0.0,0.23142645270953785,0.0,0.0,0.12368742058194278,0.0,0.0751657677782163,0.09736262720573453,0.0,0.0
2018-08-31 23:59:59.999999999,Stable,0.395374858463753,0.00629940788348712,0.3043230662113687,0.21171604429818452,0.0,0.18668923288456551,0.0,0.020511656157248977,0.12268149548118391,0.0,0.033795401763819906,0.12028310320362846,0.0,0.0
2018-09-30 23:59:59.999999999,Stable,0.3895484933660826,0.00629940788348712,0.29894565859677846,0.19907890460539396,0.0,0.2200616355721347,0.0,0.11509644827298932,0.08008751936538877,0.0,0.06141244136098081,0.025317392226334,0.0,0.0
2018-10-31 23:59:59.999999999,Stable,0.3863642100067932,0.00629940788348712,0.29270357323074636,0.13112633009843822,0.0,0.20628883622063718,0.0,0.12492726889233166,0.08791953802442072,0.0,0.11337420055144713,0.04366025298197884,0.0,0.0
2018-11-30 23:59:59.999999999,Stable,0.3951696850511275,0.00629940788348712,0.3499059087049002,0.0,0.0,0.23241243395725616,0.0,0.3499059087049002,0.0,0.0,0.059877424208134196,0.007898324424809311,0.0,0.0
2018-12-31 23:59:59.999999999,Stable,0.452649308718805,0.00629940788348712,0.4292493616847265,0.0,0.0,0.0,0.01354365375914588,0.4292493616847265,0.0,0.0,0.12795762287140114,0.0,0.0,0.0
2019-01-31 23:59:59.999999999,Récession,0.5063680396756823,0.00629940788348712,0.07199335539119478,0.0,0.0,0.04717355212539212,0.05784424080076341,0.38361953078483557,0.10313793310645916,0.0,0.3362313877913549,0.0,0.0,0.0
2019-02-28 23:59:59.999999999,Stable,0.40453829254220475,0.00629940788348712,0.34579900549093584,0.0,0.0294923039970644,0.07706393722620597,0.0,0.3764676994846832,0.0,0.046218335909835914,0.016740964781024572,0.0,0.1082177531102501,0.0
2019-03-31 23:59:59.999999999,Stable,0.4196288880453814,0.00629940788348712,0.45151409660276803,0.23058718304179604,0.1679841829109565,0.020329111704464563,0.002529759136345081,0.039755558834271905,0.030296692290190514,0.0,0.0,0.0,0.057003415479207405,0.0
2019-04-30 23:59:59.999999999,Stable,0.4142468308994269,0.00629940788348712,0.37142991909792217,0.37142991909792217,0.05579694298572934,0.0,0.05361826978677911,0.0,0.0403263155943477,0.04962037552153255,0.0,0.002072049457136074,0.05570620845863086,0.0
2019-05-31 23:59:59.999999999,Stable,0.45907509647781325,0.00629940788348712,0.42646462630409976,0.39616874661089563,0.04087355312598053,0.00338624736243834,0.025170289526159625,0.0,0.024410604068202606,0.013156931403917953,0.0,0.04167733842979242,0.028691663168513157,0.0
2019-06-30 23:59:59.999999999,Stable,0.41106496061383935,0.00629940788348712,0.46416120752024953,0.46416120752024953,0.0,0.0,0.07167758495950091,0.0,0.0,0.0,0.0,0.0,0.0,0.0
2019-07-31 23:59:59.999999999,Stable,0.4045367454675569,0.00629940788348712,0.41925565327422204,0.41925565327422204,0.1580900169594513,0.0,0.0,0.0,0.0,0.0,0.0,0.003398676492104726,0.0,0.0
2019-08-31 23:59:59.999999999,Stable,0.400235382290375,0.00629940788348712,0.41401355073598106,0.21140581437001402,0.19916030764380493,0.0,0.05760396241837025,0.0,0.0,0.07577132052453557,0.0,0.0,0.04204504430729418,0.0
2019-09-30 23:59:59.999999999,Croissance,0.647419017132786,0.00629940788348712,0.33832771648730287,0.14757955918850704,0.0,0.0,0.05991990485256914,0.27477640037292367,0.09012982110331322,0.0,0.0044341570678152024,0.084832440927569,0.0,0.0
2019-10-31 23:59:59.999999999,Croissance,0.6269819021047807,0.00629940788348712,0.30481185459063054,0.054218046683429506,0.0,0.0,0.11774320770181301,0.3470606850811556,0.07721095664011901,0.0,0.059407267999595476,0.03954798130325668,0.0,0.0
2019-11-30 23:59:59.999999999,Stable,0.39551322969131025,0.00629940788348712,0.3441246671097575,0.3395562112096574,0.1991426257879585,0.0,0.0,0.0,0.0,0.0,0.11717649589262655,0.0,0.0,0.0
2019-12-31 23:59:59.999999999,Stable,0.43808520918891186,0.00629940788348712,0.498275534599784,0.18741086149799147,0.07417542265229639,0.052999543449904665,0.024696178751688426,0.030959567406128142,0.0,0.0,0.0797308351814001,0.0,0.0,0.051752056460806835
2020-01-31 23:59:59.999999999,Stable,0.4631589796235153,0.00629940788348712,0.4946849329813641,0.02022985755056028,0.16309161336005917,0.04969020697562043,0.037593402950228214,0.18959422955281768,0.0,0.0,0.014508730084342445,0.0,0.0,0.03060702654500755
2020-02-29 23:59:59.999999999,Croissance,0.6238143720452517,0.00629940788348712,0.339853621210402,0.09287808666247375,0.0,0.0,0.09676571699946442,0.34794141825760855,0.06994437873130331,0.0,0.0,0.05261677813874791,0.0,0.0
2020-03-31 23:59:59.999999999,Stable,0.5341411414972634,0.00629940788348712,0.05918936944163077,0.44534060422044214,0.23516083952273756,0.0,0.12046286982950477,0.019218174876905622,0.03201992415855845,0.024207690272534842,0.0,0.02757579675571473,0.012792053924432258,0.024032676997538926
2020-04-30 23:59:59.999999999,Récession,2.5418935681378754,0.00629940788348712,0.0,0.06290110905810563,0.19230519781273617,0.0,0.0,0.5716766691613542,0.0,0.0931978199088578,0.0,0.0,0.07448010640518163,0.005439097653764614
2020-05-31 23:59:59.999999999,Récession,1.7978852063500657,0.00629940788348712,0.0,0.0,0.20606108431048845,0.0062493793831722285,0.0,0.5374276311137854,0.00427888469885072,0.13664369898104917,0.0,0.0,0.109339321512654,0.0
2020-06-30 23:59:59.999999999,Récession,1.3826011079229363,0.00629940788348712,0.07448207043289636,0.0,0.011094815100859221,0.13932431288031338,0.0,0.4409531800056183,0.005803982208992773,0.04351431258540162,0.2848273267859184,0.0,0.0,0.0
2020-07-31 23:59:59.999999999,Stable,0.9011954210039603,0.00629940788348712,0.32139310372035296,0.0,0.11197345374710992,0.00664997996380208,0.10674891104787063,0.3406883869427551,0.0,0.02423774008306213,0.08830842449504722,0.0,0.0,0.0
2020-08-31 23:59:59.999999999,Stable,2.462694874970499,0.00629940788348712,0.22139340053457257,0.3308398988765183,0.3308398988765183,0.01486323128635462,0.0,0.0,0.013240833102952316,0.0,0.0,0.038297080432292255,0.006411199860848726,0.04411445702994282
2020-09-30 23:59:59.999999999,Stable,2.2583857452246496,0.00629940788348712,0.4747847529080684,0.11092000073308898,0.04051145780033818,0.1328939463397179,0.0,0.1512818231478659,0.0008921985915859806,0.0,0.08871582047933481,0.0,0.0,0.0
2020-10-31 23:59:59.999999999,Croissance,0.6275563159391717,0.00629940788348712,0.046820868213485904,0.0,0.0,0.0,0.11801196029828814,0.6082417838046515,0.015533897409605575,0.05025169992049489,0.0,0.0,0.1611397903534738,0.0
2020-11-30 23:59:59.999999999,Croissance,1.4249026051300047,0.00629940788348712,0.0,0.0,0.024419268868161155,0.0,0.0,0.42296470933808084,0.0,0.28613192471500365,0.0,0.0,0.26648409707875437,0.0
2020-12-31 23:59:59.999999999,Croissance,1.2846728212860155,0.00629940788348712,0.0,0.015859092255702863,0.0,0.15181690170102444,0.0,0.4069683033278419,0.06279284168384053,0.0838013696142539,0.09110083623619668,0.07657531340162159,0.1110853417795181,0.0
2021-01-31 23:59:59.999999999,Croissance,1.2302760873665972,0.00629940788348712,0.0,0.0,0.0,0.2302612903109713,0.0,0.2816338640496867,0.0923026269312403,0.06526515093472188,0.16502218855046863,0.016304248034756153,0.1492106311881549,0.0
2021-02-28 23:59:59.999999999,Croissance,1.051782152662287,0.00629940788348712,0.0,0.0,0.0,0.23789178410864512,0.0,0.3877934084241222,0.04575959986411495,0.12689728228921443,0.05386975486571197,0.006952770137904176,0.14083540031028732,0.0
2021-03-31 23:59:59.999999999,Croissance,0.5885548579296778,0.00629940788348712,0.0,0.01831311756415547,0.0,0.0,0.3448185102284161,0.5581261320900854,0.0,0.050700171216008644,0.0,0.0005772991222702117,0.02746476977906409,0.0
2021-04-30 23:59:59.999999999,Croissance,0.9345684359095277,0.00629940788348712,0.15129555550801707,0.0,0.0,0.0,0.1497235095670256,0.36152913523627533,0.04179693832800407,0.0,0.0,0.039740736734115975,0.0,0.2559141246265619
2021-05-31 23:59:59.999999999,Croissance,0.5270878102861247,0.00629940788348712,0.06699222412818222,0.11226272474552264,0.0,0.0,0.31112961565391706,0.49693413431564804,0.0,0.0,0.0,0.012681301156730131,0.0,0.0
2021-06-30 23:59:59.999999999,Croissance,1.2409490096732363,0.00629940788348712,0.0,0.0,0.5169717339459309,0.08739534166038564,0.0,0.273994981725267,0.054760703795100875,0.0,0.0,0.028710953225697503,0.0,0.038166285647617974
2021-07-31 23:59:59.999999999,Croissance,0.5640210353148387,0.00629940788348712,0.07571174837888467,0.24781194763824363,0.0,0.0,0.07654524173486499,0.46826305818036434,0.013216246407914696,0.0,0.08738139652560804,0.031070361134119626,0.0,0.0
2021-08-31 23:59:59.999999999,Croissance,1.6182602796029273,0.00629940788348712,0.13393563488329668,0.22547314902190044,0.30246364939490106,0.10654222242857637,0.1586506078688038,0.0,0.0,0.0,0.0,0.05994287285407806,0.0,0.012991863548443575
2021-09-30 23:59:59.999999999,Croissance,1.50019100354673,0.00629940788348712,0.40887654246072264,0.2643009171624914,0.012054467393736985,0.0,0.21796186671238757,0.0,0.0,0.0,0.0,0.09680620627066135,0.0,0.0
2021-10-31 23:59:59.999999999,Stable,0.7392535352825494,0.00629940788348712,0.013724390617325059,0.178075916630107,0.02138111939301916,0.14154161090630124,0.13409456126165112,0.46697452141640877,0.0,0.0,0.037571762221724876,0.0,0.006636117553462678,0.0
2021-11-30 23:59:59.999999999,Stable,1.0401526374667402,0.00629940788348712,0.36208724464115166,0.16874781342055686,0.0,0.18230744833859724,0.1461810847858313,0.009201467912752925,0.008768943038201487,0.009096517177137482,0.0,0.0,0.0,0.11360948068577106
2021-12-31 23:59:59.999999999,Stable,1.0694128448501552,0.00629940788348712,0.3302929606111835,0.12000868002627955,0.0,0.0,0.13119147374988221,0.3302929606111835,0.0,0.08821392500147122,0.0,0.0,0.0,0.0
2022-01-31 23:59:59.999999999,Croissance,1.003282840423012,0.00629940788348712,0.1064094075313024,0.205600298940414,0.0,0.19821558387980456,0.09551478261076785,0.2226046103104671,0.0,0.0,0.171655316727244,0.0,0.0,0.0
2022-02-28 23:59:59.999999999,Croissance,0.7034325603093122,0.00629940788348712,0.0,0.0,0.0,0.40368068284268016,0.0,0.40368068284268016,0.0,0.09135164497642091,0.0,0.0,0.10128698933821882,0.0
2022-03-31 23:59:59.999999999,Croissance,0.7003197099913407,0.00629940788348712,0.0002491233235518941,0.0,0.09378584754151954,0.40600590109566065,0.0,0.40600590109566065,0.0,0.08221924891159489,0.0,0.0,0.011733978032012402,0.0
2022-04-30 23:59:59.999999999,Stable,1.2121760129937384,0.00629940788348712,0.04324397812365165,0.0,0.1384408438419792,0.17819438394862017,0.11151346357546588,0.45691653584435327,0.06625299183352587,0.005437802832403944,0.0,0.0,0.0,0.0
2022-05-31 23:59:59.999999999,Stable,1.1033733601492652,0.00629940788348712,0.0,0.0,0.022964912910236383,0.23110091211730252,0.1520054699231138,0.5679394903748902,0.010625658318250861,0.01536355635620617,0.0,0.0,0.0,0.0
2022-06-30 23:59:59.999999999,Stable,0.9888060159784232,0.00629940788348712,0.0,0.0,0.0,0.281926155992805,0.0,0.5097988064956359,0.0,0.0,0.0,0.10608472678562234,0.0,0.10219031072593669
2022-07-31 23:59:59.999999999,Stable,0.9728086573914803,0.00629940788348712,0.0,0.0,0.0,0.20322322193680606,0.0,0.7288677702639461,0.0,0.0169225857821562,0.0,0.0,0.0,0.05098642201709162
2022-08-31 23:59:59.999999999,Stable,0.9406999008382798,0.00629940788348712,0.043975678869128655,0.0,0.0,0.13910863718508187,0.031539999459386056,0.710404310052254,0.0,0.0,0.0,0.021065676643090295,0.0,0.05390569779105905
2022-09-30 23:59:59.999999999,Stable,0.9767938663347364,0.00629940788348712,0.14830985441819924,0.0,0.0,0.0,0.0,0.6649398387318975,0.0,0.09899711984885913,0.0747973971982119,0.0,0.0,0.012955789802832199
2022-10-31 23:59:59.999999999,Stable,0.9998695435950419,0.00629940788348712,0.23170259969792878,0.0,0.0,0.0,0.0,0.7175458497014602,0.0,0.0,0.0,0.0,0.0,0.050751550600611074
2022-11-30 23:59:59.999999999,Stable,1.0503532520398344,0.00629940788348712,0.1916293957003192,0.0,0.0,0.0,0.0,0.5592594613962273,0.04049941447221523,0.0,0.0,0.0650787747598035,0.0,0.14353295367143487
2022-12-31 23:59:59.999999999,Stable,1.1118980463367119,0.00629940788348712,0.0,0.0,0.0207082201625119,0.0,0.0,0.5698458803040485,0.019705804960461207,0.0,0.0,0.1257188907582613,0.0,0.2640212038147171
2023-01-31 23:59:59.999999999,Stable,1.0976966181985515,0.00629940788348712,0.0,0.0,0.16942363734655297,0.0,0.0,0.4761514587727487,0.02788340714105406,0.0,0.0,0.12207688516514839,0.0,0.20446461157449589
2023-02-28 23:59:59.999999999,Stable,1.1171001047706586,0.00629940788348712,0.0,0.0,0.04177792463371416,0.0,0.0,0.45065774490775573,0.08271109247030956,0.0,0.045106197646435926,0.17605484475057379,0.003883594213473973,0.19980860137773707
2023-03-31 23:59:59.999999999,Stable,0.976405095187893,0.00629940788348712,0.0,0.0,0.05397239965911345,0.0,0.0,0.3589086179863215,0.046173093873888994,0.0,0.0,0.292055200610205,0.0,0.24889068787047103
2023-05-31 23:59:59.999999999,Stable,0.614216463531542,0.00629940788348712,0.2163734081789303,0.0,0.13054216233594843,0.0,0.0,0.35146702582142103,0.020350878251544708,0.0,0.0,0.083230198919576,0.0,0.1980363264925794
2023-06-30 23:59:59.999999999,Stable,0.6365476105529663,0.00629940788348712,0.29751188401889067,0.009752180803368352,0.15661230331447504,0.0,0.0,0.29751188401889067,0.0,0.0,0.1975523688558862,0.0,0.0,0.04105937898848899
2023-07-31 23:59:59.999999999,Stable,0.6964395306973471,0.00629940788348712,0.30206268943972003,0.026295720884362665,0.1167530292434581,0.0,0.0,0.30206268943972003,0.0,0.0,0.1621233878898151,0.0,0.0,0.09070248310292424
2023-08-31 23:59:59.999999999,Stable,0.720693421824243,0.00629940788348712,0.35757953939947945,0.0,0.19796014558578046,0.0,0.0,0.2205178985886104,0.0,0.0,0.1739904583717395,0.0,0.0,0.049951958054390094
2023-09-30 23:59:59.999999999,Stable,0.6781179997360282,0.00629940788348712,0.3221541769856805,0.0,0.18384686051015595,0.0,0.0,0.3221541769856805,0.0,0.0,0.1615103674224216,0.0,0.0,0.010334418096061454
2023-10-31 23:59:59.999999999,Stable,0.6654970124943679,0.00629940788348712,0.3426047246883525,0.0,0.08064563813936285,0.050330741574912095,0.0,0.3426047246883525,0.0,0.0,0.18381417090902008,0.0,0.0,0.0
2023-11-30 23:59:59.999999999,Stable,0.6951658772194019,0.00629940788348712,0.31211063008908463,0.0,0.21548093124934278,0.0,0.0,0.31211063008908463,0.0,0.0,0.1295879098376647,0.0,0.0,0.030709898734823382
2023-12-31 23:59:59.999999999,Stable,0.685870426523368,0.00629940788348712,0.3513447834687548,0.0,0.15739453541538292,0.0,0.0,0.3513447834687548,0.0,0.0,0.13991589764710757,0.0,0.0,0.0
2024-01-31 23:59:59.999999999,Stable,0.6345483626930752,0.00629940788348712,0.36699172295170107,0.0,0.1040390695724787,0.0,0.14090932578014004,0.3387209540446813,0.0,0.0,0.0,0.0,0.0,0.049338927650998905
2024-02-29 23:59:59.999999999,Stable,0.5780776720970636,0.00629940788348712,0.32156910302385844,0.0,0.1757094033705397,0.005542570677539925,0.0,0.32156910302385844,0.0005091936614146389,0.0,0.12535980033595293,0.0,0.0,0.049740825906836074
2024-03-31 23:59:59.999999999,Stable,0.564392380596144,0.00629940788348712,0.29891282362979443,0.0,0.15025287082341343,0.0,0.0,0.29891282362979443,0.0,0.0,0.13940276702238427,0.0,0.0,0.11251871489461342
2024-05-31 23:59:59.999999999,Récession,0.36060149932292723,0.00629940788348712,0.0,0.0,0.017122233007067892,0.03580320144462133,0.0,0.3836293202740133,0.0,0.3836293202740133,0.0,0.0,0.17981592500028412,0.0
2024-06-30 23:59:59.999999999,Récession,0.2802016979969254,0.00629940788348712,0.04167849286916513,0.0,0.10464264675303372,0.0,0.0,0.2489025622962372,0.2143854086123101,0.2259220436826048,0.0,0.16446884578664908,0.0,0.0
2024-07-31 23:59:59.999999999,Stable,0.5414411543198887,0.00629940788348712,0.38594980640955495,0.0,0.21300624583680694,0.0,0.0,0.31794004140933574,0.0,0.026572596621576752,0.015402730830500418,0.0,0.0,0.04112857889222517
2024-08-31 23:59:59.999999999,Stable,0.5254563943984975,0.00629940788348712,0.3308135182760892,0.0,0.2344672317791707,0.0,0.0,0.3308135182760892,0.0,0.017412533417015937,0.08649319825163505,0.0,0.0,0.0
2024-09-30 23:59:59.999999999,Stable,0.5154459944813906,0.00629940788348712,0.32870735969314524,0.0,0.24626623982564896,0.0,0.05874297624083894,0.31988667229000706,0.0,0.0,0.0,0.0,0.0,0.04639675195035984
2024-10-31 23:59:59.999999999,Stable,0.5061375136041887,0.00629940788348712,0.3008293610260358,0.0,0.3008293610260358,0.0,0.021650468758025083,0.3008293610260358,0.0,0.06365262478817732,0.0,0.0,0.0,0.012208823375690127
2024-11-30 23:59:59.999999999,Stable,0.5396745964348816,0.00629940788348712,0.3061608891393372,0.0,0.3061608891393372,0.0,0.008642119249948904,0.3061608891393372,0.0,0.06099425675027916,0.0,0.0,0.0,0.01188095658176026
2024-12-31 23:59:59.999999999,Stable,0.5107237336608271,0.00629940788348712,0.31171245390509095,0.0,0.2862813670042806,0.0,0.03369476102211666,0.31171245390509095,0.0,0.056598964163420896,0.0,0.0,0.0,0.0
2025-01-31 23:59:59.999999999,Stable,0.5680860917925755,0.00629940788348712,0.3180707282828209,0.0,0.2975473533072095,0.0,0.0,0.3180707282828209,0.0,0.06371837974625727,0.0,0.0,0.0,0.002592810380891364
2025-02-28 23:59:59.999999999,Stable,0.563885035240338,0.00629940788348712,0.30312857798776455,0.0,0.30312857798776455,0.0,0.0,0.30312857798776455,0.0,0.018409700253613697,0.0,0.0,0.0,0.07220456578309266
2025-03-31 23:59:59.999999999,Récession,0.26671012585212256,0.00629940788348712,0.13882225274489435,0.0,0.19831902926495185,0.0,0.13837046580124143,0.29855453766760465,0.0,0.19735493378177055,0.0,0.0,0.02857878073953704,0.0
2025-04-30 23:59:59.999999999,Récession,0.28098479069190513,0.00629940788348712,0.0811127991497524,0.019056874369752157,0.278296195443121,0.0,0.19706321862661552,0.3004074213843222,0.0,0.10853945810147535,0.0,0.0,0.015524032924961349,0.0
2025-05-31 23:59:59.999999999,Récession,0.3777429895217015,0.00629940788348712,0.033603421333450866,0.012251961047460814,0.3139790447064179,0.0,0.12153296610003757,0.41350101990991567,0.02200344849330673,0.05937381841340063,0.0,0.013165871651533574,0.010588448344476177,0.0
2025-06-30 23:59:59.999999999,Stable,0.5888544625155012,0.00629940788348712,0.15019174334856444,0.0,0.2786219913410846,0.0,0.016453165753591122,0.3665039914731028,0.0,0.0,0.06340837706007904,0.047005514253223635,0.0,0.0778152167703546
2025-07-31 23:59:59.999999999,Stable,0.5135586856761044,0.00629940788348712,0.15073987975391256,0.0,0.32328471859694125,0.0,0.0,0.34190334244150417,0.0,0.0,0.0,0.09694340167308502,0.0,0.08712865753455702
2025-08-31 23:59:59.999999999,Stable,0.5382117747863429,0.00629940788348712,0.14071194347805707,0.0,0.2881099815128667,0.0,0.012643287545022067,0.38320092787524274,0.0,0.0,0.0,0.09040055124798575,0.0,0.08493330834082546
2025-09-30 23:59:59.999999999,Stable,0.5113180053411289,0.00629940788348712,0.12560347417245907,0.0,0.298516572174857,0.0,0.022231049662177607,0.38725202274126286,0.003976553509655122,0.0,0.0065831647464253224,0.07680463311256497,0.0,0.07903252988059804
2025-10-31 23:59:59.999999999,Stable,0.4977071720170834,0.00629940788348712,0.0799836759739174,0.029536843369706127,0.31663431079870513,0.0,0.01310142804062999,0.4086094439797309,0.016718403785536993,0.0,0.010068482395149498,0.08034901821116933,0.0,0.04499839344545456
