Date,Equity
2015-02-03,1.0092229876618697
2015-02-04,1.0027076690626184
2015-02-05,1.0095294840367244
2015-02-06,0.9998564030183786
2015-02-09,0.995909700164334
2015-02-10,1.002179066183711
2015-02-11,1.0010262919380806
2015-02-12,1.0112986900667151
2015-02-13,1.012953302708748
2015-02-17,1.0121586701553034
2015-02-18,1.0141655761403274
2015-02-19,1.012992961159679
2015-02-20,1.0198745770489765
2015-02-23,1.0193480786558127
2015-02-24,1.0249752104040368
2015-02-25,1.0250691608947828
2015-02-26,1.0212471082241863
2015-02-27,1.022248671972126
2015-03-03,1.0175057939300653
2015-03-04,1.015076563803893
2015-03-05,1.0169787990872046
2015-03-06,1.0068614087010634
2015-03-09,1.0087789867120445
2015-03-10,0.9965093551344681
2015-03-11,0.999333354032612
2015-03-12,1.0059726856406654
2015-03-13,1.0023019224164866
2015-03-16,1.0112474357363967
2015-03-17,1.0094166564367981
2015-03-18,1.02014089195031
2015-03-19,1.0124284150789038
2015-03-20,1.026033557752073
2015-03-23,1.0280110800361006
2015-03-24,1.028726894965654
2015-03-25,1.0234533593492523
2015-03-26,1.0182443081163361
2015-03-27,1.0211314051705276
2015-03-30,1.0240953002928495
2015-03-31,1.0158119094359463
2015-04-02,1.0204713662718796
2015-04-06,1.0259995358162026
2015-04-07,1.0245996264967936
2015-04-08,1.0250711046889045
2015-04-09,1.0248683136466334
2015-04-10,1.0267250943980037
2015-04-13,1.0234143659635666
2015-04-14,1.0270347436960394
2015-04-15,1.0292191294115671
2015-04-16,1.0286379523534184
2015-04-17,1.020500590261983
2015-04-20,1.0223075754698907
2015-04-21,1.0259684593635727
2015-04-22,1.0268776463794564
2015-04-23,1.0287309916543874
2015-04-24,1.0316782889241474
2015-04-27,1.0354295583915114
2015-04-28,1.0353794081402583
2015-04-29,1.0283666111000396
2015-04-30,1.024726099566197
2015-05-04,1.0226200721617191
2015-05-05,1.0135984693364548
2015-05-06,1.0099624189842138
2015-05-07,1.0146725836854453
2015-05-08,1.025015757848794
2015-05-11,1.0131786182376703
2015-05-12,1.0134998677430178
2015-05-13,1.0123866396428576
2015-05-14,1.021403366172289
2015-05-15,1.0284040342982201
2015-05-18,1.0227868653255459
2015-05-19,1.0191826800608514
2015-05-20,1.0200628335824016
2015-05-21,1.024841876406087
2015-05-22,1.0221767638518855
2015-05-26,1.0180793631673055
2015-05-27,1.0245508677658084
2015-05-28,1.0231452954298144
2015-05-29,1.018069402355953
2015-06-02,1.0180468704760282
2015-06-03,1.0196532749927918
2015-06-04,1.0153586742652605
2015-06-05,1.0089751128682343
2015-06-08,1.0072622247344312
2015-06-09,1.003590865457698
2015-06-10,1.0130808290880091
2015-06-11,1.0172366350233997
2015-06-12,1.012697548749376
2015-06-15,1.010160688643651
2015-06-16,1.0108901552271674
2015-06-17,1.0081657335990148
2015-06-18,1.012357520284937
2015-06-19,1.0123987434701807
2015-06-22,1.019836297641007
2015-06-23,1.0212637547693082
2015-06-24,1.0174303849887465
2015-06-25,1.0172335103825887
2015-06-26,1.0168579596701104
2015-06-29,1.0036859582759572
2015-06-30,1.0027471256284535
2015-07-02,1.003358257526976
2015-07-06,1.0021829062585124
2015-07-07,1.0062602207438869
2015-07-08,0.9999007453468138
2015-07-09,0.9995381988469465
2015-07-10,1.0076435045362415
2015-07-13,1.0097191582284195
2015-07-14,1.0128917739185366
2015-07-15,1.014197151257319
2015-07-16,1.019915342220053
2015-07-17,1.0199855812204
2015-07-20,1.0180915154956294
2015-07-21,1.0174971981215652
2015-07-22,1.016910034180951
2015-07-23,1.016889137874027
2015-07-24,1.0136595914146784
2015-07-27,1.0117512335355507
2015-07-28,1.01566529595941
2015-07-29,1.017433636581135
2015-07-30,1.0180068607661923
2015-07-31,1.021617355144607
2015-08-04,1.0197817268823592
2015-08-05,1.022653747183054
2015-08-06,1.0199590838981625
2015-08-07,1.0200779929149761
2015-08-10,1.0276252121042029
2015-08-11,1.0206859772612604
2015-08-12,1.018252724549424
2015-08-13,1.0172370119306522
2015-08-14,1.0186245178670161
2015-08-17,1.0203737896620728
2015-08-18,1.0163294833257803
2015-08-19,1.011636527662248
2015-08-20,0.997084324722037
2015-08-21,0.9797205430387929
2015-08-24,0.9564598681584225
2015-08-25,0.953759869101505
2015-08-26,0.973094298719728
2015-08-27,0.9851488840160062
2015-08-28,0.9843850326577304
2015-08-31,0.9789540020547459
2015-09-02,0.9873111582912065
2015-09-03,0.9881439779170538
2015-09-04,0.9781928846862612
2015-09-08,0.9920311740617561
2015-09-09,0.987141246560061
2015-09-10,0.9907152733137442
2015-09-11,0.9919814723053256
2015-09-14,0.9885665023159299
2015-09-15,0.9921933135780381
2015-09-16,0.9980668544860084
2015-09-17,1.0004014030904265
2015-09-18,0.988050906888673
2015-09-21,0.9873407424599993
2015-09-22,0.9766493996753477
2015-09-23,0.9752394782600481
2015-09-24,0.9737486970915832
2015-09-25,0.9760951341990926
2015-09-28,0.9656920457571554
2015-09-29,0.9665393301292032
2015-09-30,0.9761583339404962
2015-10-02,0.9853581544650283
2015-10-05,0.9972552438867102
2015-10-06,0.9981013849297777
2015-10-07,1.0043140881476662
2015-10-08,1.0080052866383622
2015-10-09,1.0098990538531962
2015-10-12,1.0094174767178714
2015-10-13,1.003985951721895
2015-10-14,1.0036817676851733
2015-10-15,1.0130467044979596
2015-10-16,1.0141179221329568
2015-10-19,1.0128262965777601
2015-10-20,1.010669564136976
2015-10-21,1.0109195911339708
2015-10-22,1.0189765409749783
2015-10-23,1.0250558407492345
2015-10-26,1.0234687179260746
2015-10-27,1.0191693929277355
2015-10-28,1.0236689638334078
2015-10-29,1.0203722876387917
2015-10-30,1.0194797459759959
2015-11-03,1.0187200798776568
2015-11-04,1.0146037440731488
2015-11-05,1.01494032722675
2015-11-06,1.013162626501471
2015-11-09,1.0063746728430143
2015-11-10,1.0060809405064184
2015-11-11,1.0069119281546242
2015-11-12,0.9998334846648838
2015-11-13,0.9944934674852056
2015-11-16,1.0011108010029353
2015-11-17,1.0019093524488996
2015-11-18,1.0087353520437896
2015-11-19,1.0105480018859632
2015-11-20,1.0093170134237488
2015-11-23,1.0068156437512858
2015-11-24,1.0065758408450136
2015-11-25,1.0084877338481149
2015-11-27,1.0106497398457615
2015-11-30,1.010006555442551
2015-12-02,1.0032401739286971
2015-12-03,0.9974779132835262
2015-12-04,1.0053300838207837
2015-12-07,1.0021306897407096
2015-12-08,0.9948032229152015
2015-12-09,0.9908266436758153
2015-12-10,0.9920047854941713
2015-12-11,0.9808672235882235
2015-12-14,0.9831476201463494
2015-12-15,0.9871178976760723
2015-12-16,0.9983294759475505
2015-12-17,0.9908652363472994
2015-12-18,0.9820483441240037
2015-12-21,0.9855933025734602
2015-12-22,0.9903605788211932
2015-12-23,0.9988077616786888
2015-12-24,0.9965737636868237
2015-12-28,0.995231192171305
2015-12-29,1.0021433835873088
2015-12-30,0.9975130527789581
2015-12-31,0.9901064064218817
2016-01-05,0.9890988625221724
2016-01-06,0.979737781624838
2016-01-07,0.9696265828802749
2016-01-08,0.9627837507549011
2016-01-11,0.965217962651678
2016-01-12,0.9696869407533814
2016-01-13,0.9587936313978319
2016-01-14,0.965979111438131
2016-01-15,0.9489989001133098
2016-01-19,0.9527749443889256
2016-01-20,0.9408066692828984
2016-01-21,0.9447837731051136
2016-01-22,0.9599109006533496
2016-01-25,0.9513095096426244
2016-01-26,0.9613789365008506
2016-01-27,0.9570980317576788
2016-01-28,0.9584138347607252
2016-01-29,0.9687330579152188
2016-02-02,0.9581011446000499
2016-02-03,0.9598507659572767
2016-02-04,0.9603130452948305
2016-02-05,0.9510364233074071
2016-02-08,0.9432937571456023
2016-02-09,0.9376642270334568
2016-02-10,0.9349262785323226
2016-02-11,0.9265074371309331
2016-02-12,0.9339908815605854
2016-02-16,0.9480885653756886
2016-02-17,0.9554402531051016
2016-02-18,0.9532904203897529
2016-02-19,0.9519592762121037
2016-02-22,0.9593706624994476
2016-02-23,0.9508966383928461
2016-02-24,0.9515663547924041
2016-02-25,0.9582283158477447
2016-02-26,0.9569813317383489
2016-02-29,0.9522290731746855
2016-03-02,0.9555556383780363
2016-03-03,0.9599462648475686
2016-03-04,0.9630585593884043
2016-03-07,0.961680463634932
2016-03-08,0.9566350546682479
2016-03-09,0.9585171112425582
2016-03-10,0.9587976634713168
2016-03-11,0.972653736646623
2016-03-14,0.9723047483628107
2016-03-15,0.9684536119541629
2016-03-16,0.9727137201657626
2016-03-17,0.975070602972751
2016-03-18,0.9752454433339257
2016-03-21,0.9749946282961647
2016-03-22,0.9747106416957282
2016-03-23,0.9696446738978265
2016-03-24,0.9663128405433111
2016-03-28,0.9692722738463204
2016-03-29,0.9754888487421572
2016-03-30,0.9789576926171628
2016-03-31,0.9733373263661602
2016-04-04,0.971506469584406
2016-04-05,0.968068117318663
2016-04-06,0.9720792442997588
2016-04-07,0.970757786883306
2016-04-08,0.9760239125094939
2016-04-11,0.9772209607370097
2016-04-12,0.9829312833041373
2016-04-13,0.9875792592682563
2016-04-14,0.9856259258692165
2016-04-15,0.9853636946845967
2016-04-18,0.9880684972700611
2016-04-19,0.9947170842035253
2016-04-20,0.9946434184753062
2016-04-21,0.9938678383925401
2016-04-22,0.9924192236952697
2016-04-25,0.9913641673779154
2016-04-26,0.9920978344049597
2016-04-27,0.9932757959931922
2016-04-28,0.9882886397672672
2016-04-29,0.989440250799676
2016-05-03,0.9862791971264973
2016-05-04,0.9875317689009121
2016-05-05,0.9893548661949717
2016-05-06,0.993886846473685
2016-05-09,0.9972886517174261
2016-05-10,1.0044329781652104
2016-05-11,0.9935807940569352
2016-05-12,0.9955032600891467
2016-05-13,0.9890746711362924
2016-05-16,0.9962023521311606
2016-05-17,0.9870432114206109
2016-05-18,0.9811782350317705
2016-05-19,0.9761802402691949
2016-05-20,0.9817557666311832
2016-05-23,0.9809579726320972
2016-05-24,0.9896251077512077
2016-05-25,0.9927281445255244
2016-05-26,0.9939974031586765
2016-05-27,0.9963383660045954
2016-05-31,0.9963462993915975
2016-06-02,0.9961312495766629
2016-06-03,1.0036311473346682
2016-06-06,1.0058927341895085
2016-06-07,1.0079017960914785
2016-06-08,1.0129550564811731
2016-06-09,1.011290966904411
2016-06-10,1.0049785256450565
2016-06-13,1.001775328455406
2016-06-14,0.9990942824430183
2016-06-15,1.0024414354327191
2016-06-16,1.0009537121071022
2016-06-17,1.00418383339716
2016-06-20,1.0086800296978125
2016-06-21,1.0065897554371213
2016-06-22,1.0055263444091815
2016-06-23,1.0118524417372865
2016-06-24,1.0009399140925153
2016-06-27,0.9967834526670168
2016-06-28,1.0028504379908505
2016-06-29,1.0102607307754579
2016-06-30,1.0155282008364326
2016-07-05,1.0142243026800044
2016-07-06,1.0160981971675254
2016-07-07,1.0147456477444452
2016-07-08,1.022441249129135
2016-07-11,1.0262465543851105
2016-07-12,1.0269248689793302
2016-07-13,1.0288498550570482
2016-07-14,1.028756337764665
2016-07-15,1.0263962792277208
2016-07-18,1.0278028154294725
2016-07-19,1.02665900659157
2016-07-20,1.0273349697254592
2016-07-21,1.0273483801900174
2016-07-22,1.0282816248479854
2016-07-25,1.0261170848874377
2016-07-26,1.0271975049579636
2016-07-27,1.0302246992432702
2016-07-28,1.0304208293972994
2016-07-29,1.0368784596179648
2016-08-02,1.032361972837052
2016-08-03,1.0316109934076032
2016-08-04,1.033415326032801
2016-08-05,1.0337616327550239
2016-08-08,1.0341010860830162
2016-08-09,1.0368626071149865
2016-08-10,1.0370673058804225
2016-08-11,1.0367985034240972
2016-08-12,1.036737466712051
2016-08-15,1.0380210563308705
2016-08-16,1.0347241786985237
2016-08-17,1.0366796977392574
2016-08-18,1.037521192259725
2016-08-19,1.034621609203641
2016-08-22,1.0359356543825065
2016-08-23,1.0368133030438091
2016-08-24,1.0330827529887268
2016-08-25,1.032600174335388
2016-08-26,1.0296848044950009
2016-08-29,1.0336988743056281
2016-08-30,1.0314720426993553
2016-08-31,1.0305285187667514
2016-09-02,1.0343417744333256
2016-09-06,1.0404569465655438
2016-09-07,1.0428033691489529
2016-09-08,1.0377326652503676
2016-09-09,1.0207552921410408
2016-09-12,1.0258264498631948
2016-09-13,1.011566548575291
2016-09-14,1.0100235361409018
2016-09-15,1.0125104783453172
2016-09-16,1.010086834189822
2016-09-19,1.012501755793242
2016-09-20,1.017778426939976
2016-09-21,1.0328213199563423
2016-09-22,1.0420765627167867
2016-09-23,1.036361498508549
2016-09-26,1.0343894068641846
2016-09-27,1.0377113001563127
2016-09-28,1.0402974019071363
2016-09-29,1.0353505676890389
2016-09-30,1.0333553881401043
2016-10-04,1.0282710424300103
2016-10-05,1.0273816026519629
2016-10-06,1.0262002384454343
2016-10-07,1.0253646149087425
2016-10-10,1.0261310232831833
2016-10-11,1.0211258189615997
2016-10-12,1.0224318734609796
2016-10-13,1.0229059407403733
2016-10-14,1.0198943651200985
2016-10-17,1.0203807454210894
2016-10-18,1.0234678624132663
2016-10-19,1.0247444763935203
2016-10-20,1.0244272628197992
2016-10-21,1.024652575436707
2016-10-24,1.025257535337321
2016-10-25,1.0247210903501072
2016-10-26,1.0217220365339428
2016-10-27,1.01674349469483
2016-10-28,1.0157689876902845
2016-10-31,1.0183812805809676
2016-11-02,1.0154080632166071
2016-11-03,1.0128483792293788
2016-11-04,1.0132546977564458
2016-11-07,1.0205210326475904
2016-11-08,1.0217905948219914
2016-11-09,1.0182199931936309
2016-11-10,1.0157218751317274
2016-11-11,1.0149142426333775
2016-11-14,1.016271401690375
2016-11-15,1.0186909951854293
2016-11-16,1.0185800599510813
2016-11-17,1.0188488747326554
2016-11-18,1.0168360002460135
2016-11-21,1.0198189968353093
2016-11-22,1.02179519317415
2016-11-23,1.0211522026311386
2016-11-25,1.022428628206326
2016-11-28,1.0228480559644457
2016-11-29,1.024707784089665
2016-11-30,1.0209967753756903
2016-12-02,1.0259811440182902
2016-12-05,1.0287118619727846
2016-12-06,1.0310071611359384
2016-12-07,1.0412419489481717
2016-12-08,1.0404237510837362
2016-12-09,1.0376920074257276
2016-12-12,1.0398551645121297
2016-12-13,1.0419108716040373
2016-12-14,1.030829682445713
2016-12-15,1.0312854126113253
2016-12-16,1.0346460070705659
2016-12-19,1.0410557513862975
2016-12-20,1.0409827499972577
2016-12-21,1.0373738885799864
2016-12-22,1.0360029110082234
2016-12-23,1.0376069644627859
2016-12-27,1.0378238943004765
2016-12-28,1.0366922352995298
2016-12-29,1.041396719020085
2016-12-30,1.04469630398859
2017-01-04,1.0507709555916904
2017-01-05,1.055120889078682
2017-01-06,1.0536780204224814
2017-01-09,1.0522807051033736
2017-01-10,1.049448169754012
2017-01-11,1.0486995019372507
2017-01-12,1.0495282469017089
2017-01-13,1.0484117044116936
2017-01-17,1.0525306958173655
2017-01-18,1.05058261051185
2017-01-19,1.0455032898076406
2017-01-20,1.047872630534841
2017-01-23,1.0523034944289202
2017-01-24,1.0516614511270779
2017-01-25,1.0481478219862936
2017-01-26,1.0481089362998712
2017-01-27,1.0456070460070797
2017-01-30,1.0420283992459316
2017-01-31,1.0456719356581476
2017-02-02,1.0487903330055819
2017-02-03,1.0525026120134011
2017-02-06,1.0525811851474376
2017-02-07,1.0531597445623584
2017-02-08,1.0584185180894654
2017-02-09,1.0586876298418353
2017-02-10,1.061788165944564
2017-02-13,1.0631453416703471
2017-02-14,1.061610457614634
2017-02-15,1.0616965807235434
2017-02-16,1.0640522079340728
2017-02-17,1.066260128553837
2017-02-21,1.0712739685853618
2017-02-22,1.0704390166414963
2017-02-23,1.0726507901070503
2017-02-24,1.0764793539105306
2017-02-27,1.0771377836030358
2017-02-28,1.0751553878732947
2017-03-02,1.0713524913207655
2017-03-03,1.0714015999684858
2017-03-06,1.0681198006818309
2017-03-07,1.0652070206621496
2017-03-08,1.0571785610197324
2017-03-09,1.0511000729087427
2017-03-10,1.0519076573873904
2017-03-13,1.051413658312416
2017-03-14,1.0514021309737922
2017-03-15,1.062818408585395
2017-03-16,1.0613255370486283
2017-03-17,1.0640549201752307
2017-03-20,1.0645285964806075
2017-03-21,1.0632610155233924
2017-03-22,1.0643562047385218
2017-03-23,1.066555034327938
2017-03-24,1.0670068336956482
2017-03-27,1.0650764236733135
2017-03-28,1.0661973365566382
2017-03-29,1.0695553242831999
2017-03-30,1.068478263526209
2017-03-31,1.0710637655858133
2017-04-04,1.0699803066555316
2017-04-05,1.0696112813361336
2017-04-06,1.07174806196517
2017-04-07,1.0706775255361547
2017-04-10,1.0735977766455187
2017-04-11,1.077350305139847
2017-04-12,1.0764908749381046
2017-04-13,1.0738463145112813
2017-04-17,1.079975709590176
2017-04-18,1.0823272865484455
2017-04-19,1.0797331186787276
2017-04-20,1.082432596781314
2017-04-21,1.080315207880745
2017-04-24,1.0817716379417428
2017-04-25,1.0825237059494877
2017-04-26,1.0815007717602945
2017-04-27,1.0811740718248097
2017-04-28,1.0781693582251346
2017-05-02,1.0804325802959982
2017-05-03,1.0777261005873333
2017-05-04,1.0748217694398379
2017-05-05,1.078782461851051
2017-05-08,1.0760771792595794
2017-05-09,1.0770765845897037
2017-05-10,1.0793186088595295
2017-05-11,1.0780745517050794
2017-05-12,1.0797666352217967
2017-05-15,1.083287797764258
2017-05-16,1.083360617517259
2017-05-17,1.0776748257136677
2017-05-18,1.077046824555834
2017-05-19,1.0841602059369404
2017-05-22,1.0858355564641828
2017-05-23,1.0852226447472388
2017-05-24,1.0887883813320371
2017-05-25,1.0916881010524224
2017-05-26,1.0918305271013238
2017-05-30,1.0916195894320726
2017-05-31,1.0908981683779904
2017-06-02,1.0986957699716604
2017-06-05,1.095956160841351
2017-06-06,1.0963926645782025
2017-06-07,1.096021351117231
2017-06-08,1.095258944305978
2017-06-09,1.0928557466677127
2017-06-12,1.092964376463213
2017-06-13,1.0963570733677215
2017-06-14,1.1000831760431034
2017-06-15,1.0972011033975553
2017-06-16,1.0982632401166315
2017-06-19,1.102392455840585
2017-06-20,1.1001455320597204
2017-06-21,1.1009774010888875
2017-06-22,1.1023576930934356
2017-06-23,1.1038008707316909
2017-06-26,1.1066586432658843
2017-06-27,1.0976732030187972
2017-06-28,1.1020274083180082
2017-06-29,1.0922821962329272
2017-06-30,1.0934293171122296
2017-07-05,1.093789585497308
2017-07-06,1.0854633150726427
2017-07-07,1.0866711669522104
2017-07-10,1.0882690037699772
2017-07-11,1.090145720877379
2017-07-12,1.098817891676928
2017-07-13,1.0986774483497102
2017-07-14,1.103762693853253
2017-07-17,1.1039502981053768
2017-07-18,1.1070208625794458
2017-07-19,1.1113597657941399
2017-07-20,1.1120228229322546
2017-07-21,1.1129439661768223
2017-07-24,1.1124725148121666
2017-07-25,1.1100017035410077
2017-07-26,1.1127930009403613
2017-07-27,1.1108148509833893
2017-07-28,1.1125505276366963
2017-07-31,1.113181682839164
2017-08-02,1.1135801686525961
2017-08-03,1.1143291693121469
2017-08-04,1.1132756149106573
2017-08-07,1.1154674522778796
2017-08-08,1.1139193618437293
2017-08-09,1.1141495238319576
2017-08-10,1.1055653835985972
2017-08-11,1.107099245833999
2017-08-14,1.1118105384319878
2017-08-15,1.1101983227777494
2017-08-16,1.114654045986651
2017-08-17,1.1073142388553467
2017-08-18,1.108339315152021
2017-08-21,1.1098178675963524
2017-08-22,1.114812642809393
2017-08-23,1.1159125987093312
2017-08-24,1.1141074675407892
2017-08-25,1.1177346881233643
2017-08-28,1.1189107235858966
2017-08-29,1.1192384680431047
2017-08-30,1.1212509134440578
2017-08-31,1.1264086001235052
2017-09-05,1.1229219062386693
2017-09-06,1.1256730074098895
2017-09-07,1.1298036686323856
2017-09-08,1.1284552861864348
2017-09-11,1.1349678626172184
2017-09-12,1.135726762367354
2017-09-13,1.1338148542886677
2017-09-14,1.13481529172554
2017-09-15,1.136970581889536
2017-09-18,1.1372349105328623
2017-09-19,1.1388997948639428
2017-09-20,1.138741154487607
2017-09-21,1.1363520237957228
2017-09-22,1.136300920984272
2017-09-25,1.1340107129884736
2017-09-26,1.133801526654633
2017-09-27,1.132802272704188
2017-09-28,1.1330623662385229
2017-09-29,1.137121354237775
2017-10-03,1.142500121149853
2017-10-04,1.1430962901526667
2017-10-05,1.1459680887048054
2017-10-06,1.1441456586851895
2017-10-09,1.1438737091605453
2017-10-10,1.1488701851750085
2017-10-11,1.1518385088202248
2017-10-12,1.1515375581053091
2017-10-13,1.1580610617527651
2017-10-16,1.1594932415533332
2017-10-17,1.1586422973251138
2017-10-18,1.15814208662854
2017-10-19,1.1562908865251331
2017-10-20,1.1580986479726294
2017-10-23,1.1557773785324004
2017-10-24,1.1580808968140588
2017-10-25,1.1529596618023201
2017-10-26,1.1532173802425196
2017-10-27,1.1618331167912486
2017-10-30,1.1602285026285304
2017-10-31,1.1634506673836316
2017-11-02,1.164958635645942
2017-11-03,1.1664881817858739
2017-11-06,1.1693306674026336
2017-11-07,1.1708180150303216
2017-11-08,1.1736956021930678
2017-11-09,1.1685732665968362
2017-11-10,1.1635856433287248
2017-11-13,1.162674988329682
2017-11-14,1.1599978425372153
2017-11-15,1.1561582543358375
2017-11-16,1.1660554939207293
2017-11-17,1.1653315377638729
2017-11-20,1.168177917711648
2017-11-21,1.176157862448428
2017-11-22,1.1769354374510872
2017-11-24,1.1794132753648303
2017-11-27,1.17570648948894
2017-11-28,1.1821808607314366
2017-11-29,1.1774776674659746
2017-11-30,1.1796093940014725
2017-12-04,1.175789718265748
2017-12-05,1.1757164027225226
2017-12-06,1.1730048885858477
2017-12-07,1.1758618666064065
2017-12-08,1.1815786193335907
2017-12-11,1.1846356270721317
2017-12-12,1.1849005233962562
2017-12-13,1.1890587002556896
2017-12-14,1.1852303491378953
2017-12-15,1.1898075930062406
2017-12-18,1.1971665283982138
2017-12-19,1.1894630858746025
2017-12-20,1.188405406791674
2017-12-21,1.1915887197450228
2017-12-22,1.1946225904697159
2017-12-26,1.194744458118719
2017-12-27,1.1964373652462195
2017-12-28,1.1972697982943223
2017-12-29,1.1972804748312087
2018-01-03,1.2073342626296288
2018-01-04,1.2138156340817408
2018-01-05,1.2170858276191336
2018-01-08,1.2199527852905216
2018-01-09,1.219758897532141
2018-01-10,1.2216896527697563
2018-01-11,1.2285317785913779
2018-01-12,1.234380789697983
2018-01-16,1.2327179640395378
2018-01-17,1.2405607452004899
2018-01-18,1.2347073958513828
2018-01-19,1.2381860845706187
2018-01-22,1.2444400914774545
2018-01-23,1.249857149651928
2018-01-24,1.2505300367168704
2018-01-25,1.2495296618139486
2018-01-26,1.2587827936782634
2018-01-29,1.250113146387972
2018-01-30,1.2376275587336987
2018-01-31,1.2371155579002961
2018-02-02,1.220493635520102
2018-02-05,1.194163664427368
2018-02-06,1.2049801337401833
2018-02-07,1.1971446864564714
2018-02-08,1.1736280823541612
2018-02-09,1.1819793533502108
2018-02-12,1.191388830814018
2018-02-13,1.1934455356559763
2018-02-14,1.1992445719868339
2018-02-15,1.207438779850452
2018-02-16,1.2100172427164275
2018-02-20,1.2031583725141317
2018-02-21,1.1953380438456946
2018-02-22,1.1987937121004144
2018-02-23,1.2106339795677072
2018-02-26,1.2171473447426446
2018-02-27,1.205870280915505
2018-02-28,1.201345833149413
2018-03-02,1.202658367996864
2018-03-05,1.2091662588441563
2018-03-06,1.212828689591652
2018-03-07,1.2137480715398177
2018-03-08,1.2171681331505597
2018-03-09,1.2248342320694918
2018-03-12,1.2262794684689653
2018-03-13,1.222787781545287
2018-03-14,1.2229286145971359
2018-03-15,1.2224366597789782
2018-03-16,1.2232413048834825
2018-03-19,1.2146791077362433
2018-03-20,1.214413339075224
2018-03-21,1.2133422084609788
2018-03-22,1.1995762481387917
2018-03-23,1.1864815237504327
2018-03-26,1.2021024237019313
2018-03-27,1.1955532227243595
2018-03-28,1.1992682904148775
2018-03-29,1.207463147214623
2018-04-03,1.2157718359073943
2018-04-04,1.2192822586758014
2018-04-05,1.223641025526154
2018-04-06,1.210864632441965
2018-04-09,1.2168016495948961
2018-04-10,1.2282942262433094
2018-04-11,1.226873344072025
2018-04-12,1.2278310153778615
2018-04-13,1.2264297922837153
2018-04-16,1.2298522935735297
2018-04-17,1.2355135811260554
2018-04-18,1.2398146202209912
2018-04-19,1.2346784866622853
2018-04-20,1.2279346075563935
2018-04-23,1.22564162298997
2018-04-24,1.219074826521447
2018-04-25,1.2179884308583542
2018-04-26,1.2257548971995342
2018-04-27,1.2275949042651706
2018-04-30,1.2229649049872813
2018-05-02,1.2193838193884392
2018-05-03,1.2213986188330703
2018-05-04,1.227377676314948
2018-05-07,1.2265743456114406
2018-05-08,1.2283160350664555
2018-05-09,1.2278236034991756
2018-05-10,1.2382837068192272
2018-05-11,1.240038334879296
2018-05-14,1.241977381449756
2018-05-15,1.2306012400129163
2018-05-16,1.234446703032242
2018-05-17,1.231127187863061
2018-05-18,1.2295402879646864
2018-05-21,1.2344718584612546
2018-05-22,1.2341605332937402
2018-05-23,1.2324368074713115
2018-05-24,1.2298234527674698
2018-05-25,1.2267955068324263
2018-05-29,1.2163051995405987
2018-05-30,1.2255639314282567
2018-05-31,1.221635302162059
2018-06-04,1.2226918429705622
2018-06-05,1.2231845242439456
2018-06-06,1.2256110209802074
2018-06-07,1.2271593765358826
2018-06-08,1.2278694360758813
2018-06-11,1.2294548893942463
2018-06-12,1.2292810415021866
2018-06-13,1.2267175266910486
2018-06-14,1.2309261553336848
2018-06-15,1.2299646880880413
2018-06-18,1.227084287787166
2018-06-19,1.2258752314273769
2018-06-20,1.2244197655202578
2018-06-21,1.222858271696944
2018-06-22,1.226303986681449
2018-06-25,1.2199307782627675
2018-06-26,1.2210689245934276
2018-06-27,1.2191997244759394
2018-06-28,1.2222341099078475
2018-06-29,1.223903655592711
2018-07-03,1.2244561663608324
2018-07-05,1.2316803740512372
2018-07-06,1.2390737731273447
2018-07-09,1.2462925418879442
2018-07-10,1.2463783661487273
2018-07-11,1.2273147830046598
2018-07-12,1.233891385681599
2018-07-13,1.237431154561
2018-07-16,1.230284975179518
2018-07-17,1.2333339040628828
2018-07-18,1.2354617742554561
2018-07-19,1.2340997594070713
2018-07-20,1.2352991649294918
2018-07-23,1.2343132647437782
2018-07-24,1.2404566792132363
2018-07-25,1.2500058812150223
2018-07-26,1.2475212003396432
2018-07-27,1.2463763518950062
2018-07-30,1.2448394386277446
2018-07-31,1.244859841093944
2018-08-02,1.2459241597113488
2018-08-03,1.2499762672124
2018-08-06,1.2498493377418378
2018-08-07,1.2545706710334465
2018-08-08,1.2507205880041632
2018-08-09,1.2500373557678288
2018-08-10,1.241918926950437
2018-08-13,1.2369371991308666
2018-08-14,1.2395320240036543
2018-08-15,1.2264411194475786
2018-08-16,1.2337705865202082
2018-08-17,1.2385408217714957
2018-08-20,1.2433920996511778
2018-08-21,1.2466032485137768
2018-08-22,1.2532060319303437
2018-08-23,1.2503757021950153
2018-08-24,1.257876628308416
2018-08-27,1.2653184051455026
2018-08-28,1.2621046874586361
2018-08-29,1.2690930048396938
2018-08-30,1.2642827360601288
2018-08-31,1.261631622925744
2018-09-05,1.2558359054388797
2018-09-06,1.253107401877444
2018-09-07,1.247779911085781
2018-09-10,1.2528638882183851
2018-09-11,1.254908190542031
2018-09-12,1.2582482284637655
2018-09-13,1.261247189648545
2018-09-14,1.2589049875097502
2018-09-17,1.2570346140817983
2018-09-18,1.2621126018473778
2018-09-19,1.2635884409022011
2018-09-20,1.2725459237185044
2018-09-21,1.2727553029253338
2018-09-24,1.2727471906993784
2018-09-25,1.274161478391129
2018-09-26,1.2739940543792074
2018-09-27,1.274992132665079
2018-09-28,1.2731402057336392
2018-10-02,1.2743216011181122
2018-10-03,1.2719971818743658
2018-10-04,1.26147869250541
2018-10-05,1.2558487217406717
2018-10-08,1.2537719552699087
2018-10-09,1.2568531590949699
2018-10-10,1.233948660203993
2018-10-11,1.2217369857053961
2018-10-12,1.2288057746450145
2018-10-15,1.2268930810771064
2018-10-16,1.2403968266431125
2018-10-17,1.2355394385151623
2018-10-18,1.2235741200598587
2018-10-19,1.2252328595224928
2018-10-22,1.2223860739228718
2018-10-23,1.213307151720593
2018-10-24,1.1962929919571559
2018-10-25,1.2054567470263915
2018-10-26,1.2006867003189423
2018-10-29,1.1943716273753873
2018-10-30,1.199666904098513
2018-10-31,1.2004384336972291
2018-11-02,1.1970803812051871
2018-11-05,1.1988137166411275
2018-11-06,1.2021726611646233
2018-11-07,1.2127593272094652
2018-11-08,1.2078533059069485
2018-11-09,1.2006133847193354
2018-11-12,1.1896854406144606
2018-11-13,1.1825230694791413
2018-11-14,1.1833043925527291
2018-11-15,1.1876491093028796
2018-11-16,1.1912145027521184
2018-11-19,1.1837683886424668
2018-11-20,1.1645339793964582
2018-11-21,1.1718238280832738
2018-11-23,1.1610928847676867
2018-11-26,1.1712929811755568
2018-11-27,1.1710107285817766
2018-11-28,1.1813526407332113
2018-11-29,1.1816598768473094
2018-11-30,1.1826356565214757
2018-12-04,1.1665443312809742
2018-12-06,1.1635725691612684
2018-12-07,1.15665763796995
2018-12-10,1.1525898204404128
2018-12-11,1.1541842556604887
2018-12-12,1.1564318311575954
2018-12-13,1.1596169125834512
2018-12-14,1.147112233039241
2018-12-17,1.1355888096789215
2018-12-18,1.1298721000280045
2018-12-19,1.1239740451382372
2018-12-20,1.1148062088735866
2018-12-21,1.1024378325719562
2018-12-24,1.0885056228105523
2018-12-26,1.1148452060777234
2018-12-27,1.1164421316277549
2018-12-28,1.1139839938583906
2018-12-31,1.1179662952698926
2019-01-03,1.1059819045873909
2019-01-04,1.126984443937405
2019-01-07,1.1313058124549438
2019-01-08,1.1368288777676345
2019-01-09,1.1398414728977408
2019-01-10,1.142788537197885
2019-01-11,1.1414593456725515
2019-01-14,1.1379374835924045
2019-01-15,1.1454969522669973
2019-01-16,1.1474221063188554
2019-01-17,1.1510659846637148
2019-01-18,1.159786647118951
2019-01-22,1.1503096275102893
2019-01-23,1.1509296569955134
2019-01-24,1.1522851928607738
2019-01-25,1.158267886661687
2019-01-28,1.1535712957905426
2019-01-29,1.1531305144054083
2019-01-30,1.1628790482443632
2019-01-31,1.1678821991736972
2019-02-04,1.1703090742553297
2019-02-05,1.1733278363968718
2019-02-06,1.1689213061721928
2019-02-07,1.1611902765609607
2019-02-08,1.1575708546890282
2019-02-11,1.1576094442038523
2019-02-12,1.1669764690214166
2019-02-13,1.1689359599479552
2019-02-14,1.1689373391622944
2019-02-15,1.178089736978759
2019-02-19,1.1796571939086251
2019-02-20,1.1804932612355115
2019-02-21,1.1796728108483006
2019-02-22,1.1820625793246151
2019-02-25,1.1834501965783946
2019-02-26,1.185306892802423
2019-02-27,1.1828513130860079
2019-02-28,1.1783865566360434
2019-03-04,1.1774961630019138
2019-03-05,1.1793197190725622
2019-03-06,1.175285142989626
2019-03-07,1.1682463342540126
2019-03-08,1.1665098277450627
2019-03-11,1.175903908716137
2019-03-12,1.1792291951289473
2019-03-13,1.18316647656593
2019-03-14,1.1809161793508565
2019-03-15,1.1860491414902679
2019-03-18,1.19003738410432
2019-03-19,1.19066686311138
2019-03-20,1.190587272601744
2019-03-21,1.1951189662605304
2019-03-22,1.1809011210362108
2019-03-25,1.1817666356127843
2019-03-26,1.1856826706289598
2019-03-27,1.1807515903634642
2019-03-28,1.1829718809785101
2019-03-29,1.18764677712098
2019-04-02,1.189057712300098
2019-04-03,1.1879949050392904
2019-04-04,1.1910826695216734
2019-04-05,1.1945209107993298
2019-04-08,1.1949348178005659
2019-04-09,1.193664072451138
2019-04-10,1.197507945483847
2019-04-11,1.192249009110636
2019-04-12,1.1945877344306581
2019-04-15,1.194151632826304
2019-04-16,1.1914029309039225
2019-04-17,1.1899717785003585
2019-04-18,1.1925951058663005
2019-04-22,1.1913488861899224
2019-04-23,1.1966629563310174
2019-04-24,1.1970095634158298
2019-04-25,1.1962790904024694
2019-04-26,1.20121446287401
2019-04-29,1.1996646042510022
2019-04-30,1.2020434961392445
2019-05-02,1.1988957730268999
2019-05-03,1.2075243259165402
2019-05-06,1.2036468409492318
2019-05-07,1.1953516797713342
2019-05-08,1.1924198873429792
2019-05-09,1.1909690354201536
2019-05-10,1.1946182559842757
2019-05-13,1.1822007010048843
2019-05-14,1.187219527064649
2019-05-15,1.1934192568274664
2019-05-16,1.1956773588170269
2019-05-17,1.1905783997107882
2019-05-20,1.1850916273377443
2019-05-21,1.1907307284486375
2019-05-22,1.1912615095213854
2019-05-23,1.1893737126335076
2019-05-24,1.1917051858624625
2019-05-28,1.1898602319882277
2019-05-29,1.1879920341241004
2019-05-30,1.1945249480371547
2019-05-31,1.1954212068822665
2019-06-04,1.2022859713930536
2019-06-05,1.2042121614949317
2019-06-06,1.2096857263922447
2019-06-07,1.2208598947422262
2019-06-10,1.2187870445762718
2019-06-11,1.2200735158255558
2019-06-12,1.218625016484835
2019-06-13,1.222916193561688
2019-06-14,1.2223609996683298
2019-06-17,1.2238875209235553
2019-06-18,1.2346041088907476
2019-06-19,1.237763715411974
2019-06-20,1.2471868331603089
2019-06-21,1.2405866558910719
2019-06-24,1.2443524410336149
2019-06-25,1.2392219918502776
2019-06-26,1.235124644464623
2019-06-27,1.2412583756599078
2019-06-28,1.2443650875571945
2019-07-02,1.2518761210082072
2019-07-03,1.2617345335096664
2019-07-05,1.252979123865661
2019-07-08,1.2508944075295692
2019-07-09,1.2516984437621084
2019-07-10,1.2517918096739886
2019-07-11,1.2442303270713886
2019-07-12,1.2473625764555105
2019-07-15,1.250819568026661
2019-07-16,1.247007524000056
2019-07-17,1.249018216327786
2019-07-18,1.2511845372455992
2019-07-19,1.2451313709990748
2019-07-22,1.2475666949345239
2019-07-23,1.2495608133724625
2019-07-24,1.2548766862485117
2019-07-25,1.248780673832913
2019-07-26,1.2544416434480272
2019-07-29,1.2538028373649845
2019-07-30,1.2545110460673157
2019-07-31,1.2524696586541617
2019-08-02,1.2525682138019978
2019-08-05,1.2485398443170983
2019-08-06,1.2616935965660094
2019-08-07,1.265250105152337
2019-08-08,1.277834727910649
2019-08-09,1.2724214815117372
2019-08-12,1.2789652377971858
2019-08-13,1.2843022941147542
2019-08-14,1.2817644182072974
2019-08-15,1.2905021332880497
2019-08-16,1.2929035762557486
2019-08-19,1.2893287274355145
2019-08-20,1.2923467036531466
2019-08-21,1.2925546166524124
2019-08-22,1.2882559812561059
2019-08-23,1.2871864266671458
2019-08-26,1.2910399323597623
2019-08-27,1.2992139470649369
2019-08-28,1.3031681594255438
2019-08-29,1.3066553301249972
2019-08-30,1.3060434066540052
2019-09-04,1.3173937727345204
2019-09-05,1.3138998541346667
2019-09-06,1.314793063257754
2019-09-09,1.3092260708641081
2019-09-10,1.3012775371798215
2019-09-11,1.3073941589059384
2019-09-12,1.3094072022380827
2019-09-13,1.3010042663433186
2019-09-16,1.3044411245283694
2019-09-17,1.3087499295650769
2019-09-18,1.3076315764998776
2019-09-19,1.3089072787550522
2019-09-20,1.313304329378276
2019-09-23,1.315115924819623
2019-09-24,1.3136134757626106
2019-09-25,1.308121104087705
2019-09-26,1.3092693012726033
2019-09-27,1.303314823803291
2019-09-30,1.3031977821624197
2019-10-02,1.290516204862287
2019-10-03,1.2983971982828253
2019-10-04,1.3082552122479234
2019-10-07,1.304391510227498
2019-10-08,1.2952055641254645
2019-10-09,1.3005561516385584
2019-10-10,1.302659814499356
2019-10-11,1.3091108391403241
2019-10-14,1.3095245100838917
2019-10-15,1.3144967229419673
2019-10-16,1.3145020511631151
2019-10-17,1.316705912817438
2019-10-18,1.3153759261658022
2019-10-21,1.318754024504917
2019-10-22,1.3173145518968716
2019-10-23,1.3200751174313023
2019-10-24,1.3205591841876614
2019-10-25,1.3208254728428015
2019-10-28,1.322174489977945
2019-10-29,1.3225091909745168
2019-10-30,1.327968649844882
2019-10-31,1.3288510557995001
2019-11-04,1.32992229072217
2019-11-05,1.3258995915262934
2019-11-06,1.3265280733216982
2019-11-07,1.326097687103795
2019-11-08,1.3261788153911136
2019-11-11,1.325437911052684
2019-11-12,1.325718483549134
2019-11-13,1.3269572281794129
2019-11-14,1.329186824379048
2019-11-15,1.3343509733027126
2019-11-18,1.3357570455851941
2019-11-19,1.3358996754804764
2019-11-20,1.3339177012662482
2019-11-21,1.3305422786294279
2019-11-22,1.3312239116181177
2019-11-25,1.336635686104069
2019-11-26,1.3401416305830358
2019-11-27,1.3429479576434937
2019-11-29,1.3387236793849204
2019-12-03,1.3483277142293486
2019-12-04,1.3480302475176933
2019-12-05,1.3461627361558326
2019-12-06,1.3470176271594423
2019-12-09,1.3455893238178274
2019-12-10,1.3457870410614903
2019-12-11,1.3528791885050042
2019-12-12,1.348774978070904
2019-12-13,1.355971148216687
2019-12-16,1.3557487425956998
2019-12-17,1.354815710165524
2019-12-18,1.3504531182744135
2019-12-19,1.353629581741654
2019-12-20,1.3564427788134747
2019-12-23,1.3571814128653614
2019-12-24,1.360423682269577
2019-12-26,1.3665871789940462
2019-12-27,1.3665871122025428
2019-12-30,1.3614539735950848
2019-12-31,1.3590912099313226
2020-01-03,1.3581908842270944
2020-01-06,1.3610588359736933
2020-01-07,1.3576693693323647
2020-01-08,1.3582408852829373
2020-01-09,1.3638769568363063
2020-01-10,1.3640710053935605
2020-01-13,1.3678757651192632
2020-01-14,1.3680547305874704
2020-01-15,1.3713112287760107
2020-01-16,1.3766336194679807
2020-01-17,1.3774029772930985
2020-01-21,1.3774933945883214
2020-01-22,1.3775488172726913
2020-01-23,1.3799717252907275
2020-01-24,1.3747898321506034
2020-01-27,1.3633038513402225
2020-01-28,1.369750122634716
2020-01-29,1.371540924372399
2020-01-30,1.3729727544099473
2020-01-31,1.3594324257826356
2020-02-04,1.3680200415155652
2020-02-05,1.3775347701376144
2020-02-06,1.381977081689174
2020-02-07,1.3784776790978255
2020-02-10,1.384230382498728
2020-02-11,1.3854553040669204
2020-02-12,1.3909169328577915
2020-02-13,1.391502366837003
2020-02-14,1.3940441617241464
2020-02-18,1.3953461918607437
2020-02-19,1.4001335446566525
2020-02-20,1.398405548272939
2020-02-21,1.394494229369699
2020-02-24,1.3695240674150406
2020-02-25,1.3414534012002526
2020-02-26,1.3387328583526732
2020-02-27,1.303800599473135
2020-02-28,1.2914368094407656
2020-03-03,1.2792029514314591
2020-03-04,1.305882161325982
2020-03-05,1.2870237712498598
2020-03-06,1.2815223949370873
2020-03-09,1.228029451731719
2020-03-10,1.2537691476186568
2020-03-11,1.213227351491485
2020-03-12,1.1450777870217448
2020-03-13,1.1943861662639794
2020-03-16,1.1202198689989522
2020-03-17,1.1462022621007149
2020-03-18,1.1014388454200652
2020-03-19,1.107269808428697
2020-03-20,1.0930671188497787
2020-03-23,1.0820890315356286
2020-03-24,1.1347778245614295
2020-03-25,1.151509913582343
2020-03-26,1.1887998829868913
2020-03-27,1.1747200492985486
2020-03-30,1.1915922856960395
2020-03-31,1.1811750972421748
2020-04-02,1.1941408991588758
2020-04-03,1.1909338332134758
2020-04-06,1.220660142742261
2020-04-07,1.2157138881734895
2020-04-08,1.2232779116413797
2020-04-09,1.2435327167974248
2020-04-13,1.2354659480812011
2020-04-14,1.2468333759172232
2020-04-15,1.247354135849793
2020-04-16,1.2520860977874844
2020-04-17,1.2499215534221122
2020-04-20,1.247695853601488
2020-04-21,1.2441404889005936
2020-04-22,1.2509114795465708
2020-04-23,1.2546585457793742
2020-04-24,1.257557391112811
2020-04-27,1.2540630187916335
2020-04-28,1.2608576336630553
2020-04-29,1.2684958973442113
2020-04-30,1.2511116120505037
2020-05-04,1.2539588642111381
2020-05-05,1.2555792524614893
2020-05-06,1.2503955949758363
2020-05-07,1.25703443355759
2020-05-08,1.259331038130895
2020-05-11,1.2558409444504093
2020-05-12,1.2568430747162513
2020-05-13,1.2590595958904922
2020-05-14,1.2627170750385857
2020-05-15,1.2612149355092708
2020-05-18,1.266140455035674
2020-05-19,1.2667609652602714
2020-05-20,1.2704779443199938
2020-05-21,1.2646941709165085
2020-05-22,1.2624754657217419
2020-05-26,1.2627655626830585
2020-05-27,1.263608876615375
2020-05-28,1.2628406701226584
2020-05-29,1.2687573786541841
2020-06-02,1.2745548687712382
2020-06-03,1.2764027796906505
2020-06-04,1.2749907912476128
2020-06-05,1.27762893439831
2020-06-08,1.2827320131396678
2020-06-09,1.283331673166387
2020-06-10,1.2890607138269183
2020-06-11,1.2703620489699259
2020-06-12,1.2777796811110869
2020-06-15,1.2752977072077796
2020-06-16,1.2768610585201066
2020-06-17,1.2802745540800236
2020-06-18,1.2799528319813158
2020-06-19,1.2831760552492004
2020-06-22,1.2886567515809415
2020-06-23,1.2940605561147487
2020-06-24,1.2881926457660973
2020-06-25,1.289524395726441
2020-06-26,1.2867687764320266
2020-06-29,1.2888231377795674
2020-06-30,1.28882411944744
2020-07-02,1.2939204491877896
2020-07-06,1.3043417632970413
2020-07-07,1.2992478042994977
2020-07-08,1.3036368661482074
2020-07-09,1.2990968096972857
2020-07-10,1.305716229817058
2020-07-13,1.3008255918800942
2020-07-14,1.306085412524577
2020-07-15,1.314019886903298
2020-07-16,1.3073791442877944
2020-07-17,1.3089599897358113
2020-07-20,1.3108385418776285
2020-07-21,1.3144728930937757
2020-07-22,1.3151659265303082
2020-07-23,1.3119840246935377
2020-07-24,1.3111785998282182
2020-07-27,1.3222585451435378
2020-07-28,1.3177932276778426
2020-07-29,1.3213433507870995
2020-07-30,1.3123403471894863
2020-07-31,1.304162024256593
2020-08-04,1.3126601845076462
2020-08-05,1.3162167647289387
2020-08-06,1.3212522184969595
2020-08-07,1.3204943908830837
2020-08-10,1.3220753467060538
2020-08-11,1.3092808666424351
2020-08-12,1.318759928054871
2020-08-13,1.3195324745134491
2020-08-14,1.3189901625121854
2020-08-17,1.3256994714828438
2020-08-18,1.327780836237612
2020-08-19,1.317801557908457
2020-08-20,1.3209549770523374
2020-08-21,1.3213001697443694
2020-08-24,1.3273359269112825
2020-08-25,1.3295427270000435
2020-08-26,1.3346517514611134
2020-08-27,1.3346882092545613
2020-08-28,1.3421184510711641
2020-08-31,1.338561709849657
2020-09-02,1.343241258582138
2020-09-03,1.327409874572069
2020-09-04,1.3178566080191128
2020-09-08,1.3090389791028354
2020-09-09,1.321157558344745
2020-09-10,1.3151526492806083
2020-09-11,1.31746450359195
2020-09-14,1.325246063184535
2020-09-15,1.3254977740329676
2020-09-16,1.3240077762955413
2020-09-17,1.3209405938965593
2020-09-18,1.3155393624802358
2020-09-21,1.3009674184517004
2020-09-22,1.300920232112079
2020-09-23,1.283349063504381
2020-09-24,1.287754198507793
2020-09-25,1.290959156200236
2020-09-28,1.3015973370632408
2020-09-29,1.3040915258184465
2020-09-30,1.2991365949411149
2020-10-02,1.2899676989531779
2020-10-05,1.303680102712256
2020-10-06,1.295454206643899
2020-10-07,1.3063404913738628
2020-10-08,1.314569137992252
2020-10-09,1.3215961169807569
2020-10-12,1.3305002629772436
2020-10-13,1.3265992133854199
2020-10-14,1.3244833517621708
2020-10-15,1.3231947115295353
2020-10-16,1.3208016543507006
2020-10-19,1.3109892236772012
2020-10-20,1.314349008738755
2020-10-21,1.3125399638308897
2020-10-22,1.314115354916596
2020-10-23,1.315826522279884
2020-10-26,1.3019628747455094
2020-10-27,1.3025353046464996
2020-10-28,1.2744751065208173
2020-10-29,1.2778018612616482
2020-10-30,1.2696687665349509
2020-11-03,1.275323200246588
2020-11-04,1.2855057493577542
2020-11-05,1.2925826933914721
2020-11-06,1.2927655687838238
2020-11-09,1.3013269476227125
2020-11-10,1.3005081418009001
2020-11-11,1.303428626225144
2020-11-12,1.298472541193695
2020-11-13,1.3074599376885712
2020-11-16,1.313602638600286
2020-11-17,1.313093117897119
2020-11-18,1.3082740025188127
2020-11-19,1.3097686875709835
2020-11-20,1.3102055240405968
2020-11-23,1.3114248738349614
2020-11-24,1.3172775280535332
2020-11-25,1.31574108349337
2020-11-27,1.3180625551239853
2020-11-30,1.3084183284107735
2020-12-02,1.3089956128253073
2020-12-03,1.3169476732736223
2020-12-04,1.3230700948521916
2020-12-07,1.3235519445467598
2020-12-08,1.3248272204878824
2020-12-09,1.3168278002531444
2020-12-10,1.326425096652619
2020-12-11,1.321416179477469
2020-12-14,1.3180253064230079
2020-12-15,1.325759848798833
2020-12-16,1.3297375084015814
2020-12-17,1.335442006675773
2020-12-18,1.333826146952051
2020-12-21,1.3233604107233756
2020-12-22,1.31746797402707
2020-12-23,1.3251951411754594
2020-12-24,1.3216231275438004
2020-12-28,1.3232121521097246
2020-12-29,1.3327346731209528
2020-12-30,1.3430276401734675
2020-12-31,1.3419986980722565
2021-01-05,1.356444468503347
2021-01-06,1.357565672924958
2021-01-07,1.3610817098775887
2021-01-08,1.3725202717859701
2021-01-11,1.3635366293806355
2021-01-12,1.371520038501853
2021-01-13,1.3719501239818217
2021-01-14,1.3786239830353022
2021-01-15,1.3666475617232037
2021-01-19,1.3742545362570726
2021-01-20,1.3809511208908243
2021-01-21,1.3810132124706465
2021-01-22,1.3740909303221713
2021-01-25,1.3776634067474767
2021-01-26,1.3769609683570467
2021-01-27,1.3617933546176395
2021-01-28,1.3651092782759635
2021-01-29,1.3526733464456462
2021-02-02,1.3625728145948863
2021-02-03,1.3679098572884745
2021-02-04,1.3700649833833922
2021-02-05,1.37703529868661
2021-02-08,1.3878121434653412
2021-02-09,1.3942791948713233
2021-02-10,1.3937865448091276
2021-02-11,1.398558983916257
2021-02-12,1.4050274396201607
2021-02-16,1.412061710990802
2021-02-17,1.4119970175146679
2021-02-18,1.4030332419135203
2021-02-19,1.406837694977514
2021-02-22,1.4043102711161068
2021-02-23,1.4068281078764473
2021-02-24,1.4086234912084086
2021-02-25,1.3925913007295831
2021-02-26,1.3764392915966457
2021-03-02,1.3734833036354541
2021-03-03,1.374072213511812
2021-03-04,1.369399240333755
2021-03-05,1.380569779558644
2021-03-08,1.3651112145047246
2021-03-09,1.3748734974959702
2021-03-10,1.3763785032400084
2021-03-11,1.392866222298664
2021-03-12,1.3858731437699316
2021-03-15,1.3856371637544103
2021-03-16,1.3862357851867935
2021-03-17,1.3875764359045848
2021-03-18,1.3650882232058323
2021-03-19,1.3770268472487888
2021-03-22,1.3751047832652392
2021-03-23,1.3571675823413591
2021-03-24,1.356179719203888
2021-03-25,1.3513028642271303
2021-03-26,1.3701163931682727
2021-03-29,1.3674127005802015
2021-03-30,1.3628701222391697
2021-03-31,1.3655007578156046
2021-04-05,1.367508649411552
2021-04-06,1.3695516906495548
2021-04-07,1.3680965187434226
2021-04-08,1.3675812476512763
2021-04-09,1.3660958867648694
2021-04-12,1.3681012380426045
2021-04-13,1.3708148578501722
2021-04-14,1.368806142965
2021-04-15,1.3783792412976754
2021-04-16,1.379556556675098
2021-04-19,1.3801389120937413
2021-04-20,1.3833052836177742
2021-04-21,1.3872920785144784
2021-04-22,1.3845537364135019
2021-04-23,1.3888841703203647
2021-04-26,1.390341680114143
2021-04-27,1.390155724770894
2021-04-28,1.3900022070919942
2021-04-29,1.393793503898442
2021-04-30,1.3940256384132663
2021-05-04,1.3824949566931146
2021-05-05,1.3864197775404203
2021-05-06,1.3935580991329721
2021-05-07,1.404691774076964
2021-05-10,1.3975280595588049
2021-05-11,1.3871469453066747
2021-05-12,1.3721576387181205
2021-05-13,1.3822090160845966
2021-05-14,1.3982541747325152
2021-05-17,1.3963131721857416
2021-05-18,1.3941838692506503
2021-05-19,1.3869103673703287
2021-05-20,1.3996210945288545
2021-05-21,1.4005001312106937
2021-05-24,1.4089106144654346
2021-05-25,1.4089418081968983
2021-05-26,1.407838002626575
2021-05-27,1.4085079401196454
2021-05-28,1.412446509770283
2021-06-02,1.4181868436884852
2021-06-03,1.4154196224410953
2021-06-04,1.4188653133177251
2021-06-07,1.4235414866926
2021-06-08,1.4283956817686407
2021-06-09,1.4301029932862286
2021-06-10,1.434752318422169
2021-06-11,1.4328921700729962
2021-06-14,1.433653587060769
2021-06-15,1.428587940107298
2021-06-16,1.4248332023255794
2021-06-17,1.426501373218019
2021-06-18,1.4201809431904682
2021-06-21,1.4283060916812107
2021-06-22,1.4268423085803976
2021-06-23,1.4254460711460086
2021-06-24,1.4256053922661305
2021-06-25,1.4271809600210978
2021-06-28,1.4276467380670146
2021-06-29,1.4267687639242477
2021-06-30,1.4250421108768938
2021-07-02,1.4314201822097468
2021-07-06,1.4301170024808327
2021-07-07,1.432307056286924
2021-07-08,1.4301020247395708
2021-07-09,1.437351272798752
2021-07-12,1.4373545826567702
2021-07-13,1.4381596227056483
2021-07-14,1.445614971032868
2021-07-15,1.4433055921795561
2021-07-16,1.4346214389248995
2021-07-19,1.4267353284940827
2021-07-20,1.4292497882002935
2021-07-21,1.431898848246925
2021-07-22,1.4347181278132484
2021-07-23,1.4345239175231377
2021-07-26,1.4340112456066523
2021-07-27,1.4338135207266467
2021-07-28,1.439122713836528
2021-07-29,1.4509425908233582
2021-07-30,1.4431537487085735
2021-08-03,1.4457208376909532
2021-08-04,1.4441726421029353
2021-08-05,1.445386423873706
2021-08-06,1.4390515699801576
2021-08-09,1.4368954256792608
2021-08-10,1.4345000124162723
2021-08-11,1.437126932517479
2021-08-12,1.4367234726801794
2021-08-13,1.443926560552169
2021-08-16,1.443681822767182
2021-08-17,1.4410191802005852
2021-08-18,1.4391354335698554
2021-08-19,1.4405684809188612
2021-08-20,1.4426410756929942
2021-08-23,1.4454178438040224
2021-08-24,1.443611189312603
2021-08-25,1.4406662425815167
2021-08-26,1.4399762961666316
2021-08-27,1.446050672320274
2021-08-30,1.4484299220207797
2021-08-31,1.4469729846480766
2021-09-02,1.4512244519169357
2021-09-03,1.4524365495599727
2021-09-07,1.4361085234124393
2021-09-08,1.4381886313872483
2021-09-09,1.4372099669976133
2021-09-10,1.4288319587884597
2021-09-13,1.4362716081347224
2021-09-14,1.44117810074614
2021-09-15,1.4421903656158999
2021-09-16,1.4296017497192772
2021-09-17,1.4206364819902708
2021-09-20,1.4190661390506196
2021-09-21,1.4230612202890889
2021-09-22,1.430265563110211
2021-09-23,1.4236233429777485
2021-09-24,1.4174348897541005
2021-09-27,1.415537433134815
2021-09-28,1.3973752227439196
2021-09-29,1.397632111392832
2021-09-30,1.399413990722402
2021-10-04,1.390306064537006
2021-10-05,1.3915201155567887
2021-10-06,1.3979003454689003
2021-10-07,1.4009544834665726
2021-10-08,1.394190236651863
2021-10-11,1.3888875011218609
2021-10-12,1.3980598130387647
2021-10-13,1.4080018720551077
2021-10-14,1.4248034419043631
2021-10-15,1.4275446587846032
2021-10-18,1.4307891151865104
2021-10-19,1.4310447159269
2021-10-20,1.4364377196837428
2021-10-21,1.437795802448342
2021-10-22,1.4438441154343047
2021-10-25,1.4469726765423647
2021-10-26,1.4519362367376927
2021-10-27,1.4532306562698316
2021-10-28,1.4638881013390117
2021-10-29,1.4617074499220553
2021-11-02,1.4642952747754021
2021-11-03,1.4571556684814402
2021-11-04,1.457690661613616
2021-11-05,1.4659108429721688
2021-11-08,1.4665743841349326
2021-11-09,1.471675003187299
2021-11-10,1.4626263534601474
2021-11-11,1.4646952707580332
2021-11-12,1.4642108681103814
2021-11-15,1.4622303017169662
2021-11-16,1.4597376224304397
2021-11-17,1.4605820844840312
2021-11-18,1.4623348310170037
2021-11-19,1.4603627607673255
2021-11-22,1.4566548053209107
2021-11-23,1.4580855247614704
2021-11-24,1.4630694598180456
2021-11-26,1.4495701690516918
2021-11-29,1.4493897985853406
2021-11-30,1.4424237122515022
2021-12-02,1.4614203360045581
2021-12-03,1.4573842422550265
2021-12-06,1.47101434954455
2021-12-07,1.4925091099264556
2021-12-08,1.4947562260235883
2021-12-09,1.482525068610675
2021-12-10,1.4915446493094293
2021-12-13,1.4891996541731884
2021-12-14,1.4785951543204092
2021-12-15,1.4915237284411829
2021-12-16,1.4879641109380048
2021-12-17,1.4783334019427736
2021-12-20,1.4671514259162712
2021-12-21,1.4865598745110666
2021-12-22,1.501014154233477
2021-12-23,1.5048911737897084
2021-12-27,1.5221390325259978
2021-12-28,1.52072601068967
2021-12-29,1.5212792538806332
2021-12-30,1.521402902284711
2021-12-31,1.5200974266854792
2022-01-04,1.5183897729575546
2022-01-05,1.499980665962085
2022-01-06,1.5009605068601641
2022-01-07,1.4971207761672105
2022-01-10,1.4960825970849523
2022-01-11,1.5045514220101381
2022-01-12,1.5075057057033665
2022-01-13,1.5001971972914472
2022-01-14,1.4960699089544678
2022-01-18,1.4805535030851873
2022-01-19,1.4747883642689605
2022-01-20,1.4688564174461707
2022-01-21,1.4589273410980756
2022-01-24,1.4581015651887097
2022-01-25,1.4511509734917578
2022-01-26,1.4435364231290648
2022-01-27,1.440014300438074
2022-01-28,1.4582125247104363
2022-01-31,1.4724499034563048
2022-02-02,1.4818220127170518
2022-02-03,1.4695968758702371
2022-02-04,1.4686639770565
2022-02-07,1.4689523128359467
2022-02-08,1.4664702336429787
2022-02-09,1.478902628053202
2022-02-10,1.4621341031585622
2022-02-11,1.4646390817136163
2022-02-14,1.4605271407153226
2022-02-15,1.4589595897320728
2022-02-16,1.4620068381830769
2022-02-17,1.4582454857617708
2022-02-18,1.4603188658656787
2022-02-22,1.4609800189349564
2022-02-23,1.4519328214541962
2022-02-24,1.456561910467851
2022-02-25,1.4650186749218004
2022-02-28,1.4716439923267255
2022-03-02,1.4916021826902717
2022-03-03,1.494260338259995
2022-03-04,1.5138852881462885
2022-03-07,1.5166573812896738
2022-03-08,1.528124455191788
2022-03-09,1.4870249174189918
2022-03-10,1.474856600434965
2022-03-11,1.4791986474351382
2022-03-14,1.4547559006814237
2022-03-15,1.440463984424979
2022-03-16,1.4575401900753597
2022-03-17,1.4841996742248826
2022-03-18,1.4911890866360633
2022-03-21,1.5094849181353966
2022-03-22,1.5130236309802485
2022-03-23,1.5262328598427681
2022-03-24,1.5217346159716367
2022-03-25,1.5239368285167285
2022-03-28,1.4981206951897499
2022-03-29,1.5051896298496354
2022-03-30,1.5155878166434074
2022-03-31,1.4997973808732483
2022-04-04,1.5144957595433974
2022-04-05,1.505970454031378
2022-04-06,1.4997971928018976
2022-04-07,1.5015390937594777
2022-04-08,1.5102447757530464
2022-04-11,1.5040575234546225
2022-04-12,1.5229666197116871
2022-04-13,1.5388895105679705
2022-04-14,1.5413887983545662
2022-04-18,1.5483722508204267
2022-04-19,1.5292414924629307
2022-04-20,1.529756311950252
2022-04-21,1.5255516753453753
2022-04-22,1.5110761130786778
2022-04-25,1.5026552212293538
2022-04-26,1.5084128826654573
2022-04-27,1.513597612909277
2022-04-28,1.521337814793842
2022-04-29,1.5168377092450736
2022-05-03,1.516772092179125
2022-05-04,1.5333260555796617
2022-05-05,1.520486726263157
2022-05-06,1.5178844471660013
2022-05-09,1.4898387659776782
2022-05-10,1.484167896945149
2022-05-11,1.4902855062125586
2022-05-12,1.489318014039695
2022-05-13,1.5002522595460863
2022-05-16,1.5054221512969825
2022-05-17,1.5068672791072983
2022-05-18,1.4911017632422368
2022-05-19,1.497641501327822
2022-05-20,1.4998570310882875
2022-05-23,1.5077545912470214
2022-05-24,1.509802809673565
2022-05-25,1.5124583640219593
2022-05-26,1.5178178950350985
2022-05-27,1.5285604848830991
2022-05-31,1.5215881780674194
2022-06-02,1.5339769545134034
2022-06-03,1.5333972896647177
2022-06-06,1.5340820513960711
2022-06-07,1.540046103100825
2022-06-08,1.5375987150338337
2022-06-09,1.5315987359923227
2022-06-10,1.5224741416067193
2022-06-13,1.5040058082789733
2022-06-14,1.4979520427023487
2022-06-15,1.5050415304087656
2022-06-16,1.4998376138370983
2022-06-17,1.4889626375377865
2022-06-21,1.4918276384356663
2022-06-22,1.4884761479982973
2022-06-23,1.4849744413213561
2022-06-24,1.493872908368788
2022-06-27,1.4922685994139613
2022-06-28,1.4937219587484258
2022-06-29,1.4863605338719355
2022-06-30,1.4751544378101344
2022-07-05,1.4364670549676628
2022-07-06,1.4303168452002488
2022-07-07,1.4517680504258903
2022-07-08,1.4592543049492548
2022-07-11,1.452191824578312
2022-07-12,1.4328503327109041
2022-07-13,1.4357373909132072
2022-07-14,1.4273153830360796
2022-07-15,1.439255181780919
2022-07-18,1.4487120935302862
2022-07-19,1.462340525976958
2022-07-20,1.4583227537521517
2022-07-21,1.4555543424577413
2022-07-22,1.4489920795672908
2022-07-25,1.4589834797196992
2022-07-26,1.4531153868587987
2022-07-27,1.4714369264170177
2022-07-28,1.4744073793467587
2022-07-29,1.482178321964113
2022-08-02,1.4790341599200763
2022-08-03,1.4782346623657001
2022-08-04,1.4760905889804283
2022-08-05,1.4741525758363265
2022-08-08,1.4780266219460916
2022-08-09,1.4798809516280116
2022-08-10,1.4863217398923287
2022-08-11,1.49238569717541
2022-08-12,1.4918902542215484
2022-08-15,1.4873852773305505
2022-08-16,1.4845237708913637
2022-08-17,1.4847552238173924
2022-08-18,1.4890993866497129
2022-08-19,1.4873290311695706
2022-08-22,1.4875104203088994
2022-08-23,1.492948302804295
2022-08-24,1.4962551845054821
2022-08-25,1.4935414343646325
2022-08-26,1.4918371224768667
2022-08-29,1.4963242893459812
2022-08-30,1.4873992823873396
2022-08-31,1.480463101490611
2022-09-02,1.4795649300704496
2022-09-06,1.4787086898682058
2022-09-07,1.4784113427825778
2022-09-08,1.4791797846213077
2022-09-09,1.4896676644319458
2022-09-12,1.4963414521379712
2022-09-13,1.4857580169345646
2022-09-14,1.4870663546161282
2022-09-15,1.4783404422061008
2022-09-16,1.4767357100648466
2022-09-19,1.4780608248909506
2022-09-20,1.4737134280788555
2022-09-21,1.4689673084705623
2022-09-22,1.4681647950709074
2022-09-23,1.455415131576495
2022-09-26,1.447308812487013
2022-09-27,1.4477600722786255
2022-09-28,1.4587158323127412
2022-09-29,1.4535203850865526
2022-09-30,1.4498072525552455
2022-10-04,1.46532099944293
2022-10-05,1.4637550108263055
2022-10-06,1.459159862798427
2022-10-07,1.4488048217372942
2022-10-10,1.444763670098157
2022-10-11,1.4398723331409033
2022-10-12,1.4384195833332414
2022-10-13,1.4461189712298437
2022-10-14,1.4372609320098144
2022-10-17,1.448006323573282
2022-10-18,1.4506282541403046
2022-10-19,1.4456357552854175
2022-10-20,1.445061707301892
2022-10-21,1.4548149765592195
2022-10-24,1.4512922832755115
2022-10-25,1.459050814405878
2022-10-26,1.460269610814369
2022-10-27,1.4567020206864874
2022-10-28,1.4621889668427992
2022-10-31,1.4589974625331312
2022-11-02,1.4487572581060963
2022-11-03,1.4451207615622768
2022-11-04,1.4539812306352702
2022-11-07,1.458010603696279
2022-11-08,1.4606145287513241
2022-11-09,1.4531573622152925
2022-11-10,1.4767262330364281
2022-11-11,1.4817894648151133
2022-11-14,1.4781297232584705
2022-11-15,1.4818299008366052
2022-11-16,1.479541320625071
2022-11-17,1.4786861123087118
2022-11-18,1.4807063903665045
2022-11-21,1.4787638563146974
2022-11-22,1.4845984603339788
2022-11-23,1.4878675620407724
2022-11-25,1.4881367009520161
2022-11-28,1.481566183203254
2022-11-29,1.4816915762434073
2022-11-30,1.49433108700573
2022-12-02,1.4941062883372045
2022-12-05,1.484127019390281
2022-12-06,1.4783726858358772
2022-12-07,1.4789133448463654
2022-12-08,1.4828594764510759
2022-12-09,1.4798101108258643
2022-12-12,1.4854685051346135
2022-12-13,1.4941019102236983
2022-12-14,1.4915681205583384
2022-12-15,1.4732927356465055
2022-12-16,1.4665672816992918
2022-12-19,1.4637272857698933
2022-12-20,1.465308560585774
2022-12-21,1.4750208059135548
2022-12-22,1.4675304553966286
2022-12-23,1.4696846772322463
2022-12-27,1.4694175250626724
2022-12-28,1.461832948842763
2022-12-29,1.4743060023299825
2022-12-30,1.468714707633781
2023-01-04,1.4851113063127817
2023-01-05,1.4785000261019061
2023-01-06,1.4970216115266195
2023-01-09,1.5035134551844846
2023-01-10,1.5084884565073542
2023-01-11,1.5155347918495303
2023-01-12,1.525158616869889
2023-01-13,1.5292371007966188
2023-01-17,1.5281638260842578
2023-01-18,1.5243990567010675
2023-01-19,1.5210072024881536
2023-01-20,1.5272258652420048
2023-01-23,1.5314478861499385
2023-01-24,1.5318656407940627
2023-01-25,1.5358208333447791
2023-01-26,1.5376406446033901
2023-01-27,1.5347162381569672
2023-01-30,1.52920162012148
2023-01-31,1.536159368691808
2023-02-02,1.533521321133165
2023-02-03,1.5203722915982663
2023-02-06,1.5142140443974383
2023-02-07,1.5182442237476823
2023-02-08,1.5153134760256506
2023-02-09,1.5154399658803044
2023-02-10,1.5110631700349675
2023-02-13,1.5174717932060726
2023-02-14,1.5199820245492592
2023-02-15,1.518816723359273
2023-02-16,1.516536994661586
2023-02-17,1.5187950544651905
2023-02-21,1.509230942138344
2023-02-22,1.5054946859404623
2023-02-23,1.5106369443530112
2023-02-24,1.4965200775055862
2023-02-27,1.5064640756430168
2023-02-28,1.5038966459367857
2023-03-02,1.5060235802425468
2023-03-03,1.5192161195946348
2023-03-06,1.518889493816902
2023-03-07,1.5038169448976362
2023-03-08,1.5079323089512524
2023-03-09,1.5010191181986734
2023-03-10,1.4965363376268677
2023-03-13,1.4908941142790957
2023-03-14,1.502820239830949
2023-03-15,1.4774886157177074
2023-03-16,1.4910735013569454
2023-03-17,1.4829768667518934
2023-03-20,1.496694231002519
2023-03-21,1.50937913584006
2023-03-22,1.5085196213807135
2023-03-23,1.511222686925089
2023-03-24,1.5046483844616025
2023-03-27,1.510529514785569
2023-03-28,1.512560939935544
2023-03-29,1.5239194710847817
2023-03-30,1.5362595572806814
2023-03-31,1.539241768227836
2023-04-04,1.5428715122659153
2023-04-05,1.5368559472106915
2023-04-06,1.541425195228921
2023-04-10,1.5411053108840602
2023-04-11,1.5439829312623474
2023-04-12,1.5518023929967188
2023-04-13,1.5654171723027164
2023-04-14,1.5620024009192002
2023-04-17,1.5550671557457911
2023-04-18,1.562526780231659
2023-04-19,1.5613907159567604
2023-04-20,1.5594499553722212
2023-04-21,1.5655323669493801
2023-04-24,1.5690176442301804
2023-04-25,1.5533854505227682
2023-04-26,1.5551087036713553
2023-04-27,1.5661526184055663
2023-04-28,1.563947706221525
2023-05-02,1.5547826031530219
2023-05-03,1.5575572958726542
2023-05-04,1.55492913480009
2023-05-05,1.5676350760482551
2023-05-08,1.5672734020202128
2023-05-09,1.5598534857551
2023-05-10,1.5591228465870852
2023-05-11,1.5547064474416374
2023-05-12,1.551750168106834
2023-05-15,1.5566644290289642
2023-05-16,1.5487530409936743
2023-05-17,1.5547998964572836
2023-05-18,1.5545129014156065
2023-05-19,1.5617848990107244
2023-05-22,1.5620301394530376
2023-05-23,1.5457571271354615
2023-05-24,1.5305477258097837
2023-05-25,1.5307858553320208
2023-05-26,1.5427739996666754
2023-05-30,1.5338718416828294
2023-05-31,1.520260980925739
2023-06-02,1.5270938385273982
2023-06-05,1.5233258018898703
2023-06-06,1.5258081406531139
2023-06-07,1.5205702191093327
2023-06-08,1.531269527094145
2023-06-09,1.5282603330451987
2023-06-12,1.5358750955071019
2023-06-13,1.5404157735970303
2023-06-14,1.543995555582129
2023-06-15,1.55552217735846
2023-06-16,1.5545663826852125
2023-06-20,1.5455011097268583
2023-06-21,1.5432870122921905
2023-06-22,1.5404185503595287
2023-06-23,1.5315212131452862
2023-06-26,1.53222748257072
2023-06-27,1.5418116999813716
2023-06-28,1.5420977170718435
2023-06-29,1.5433322914682313
2023-06-30,1.5558840079637781
2023-07-05,1.5505002090025553
2023-07-06,1.5406619103612806
2023-07-07,1.5461995734958245
2023-07-10,1.5477109793205817
2023-07-11,1.553609197879113
2023-07-12,1.5647161232698086
2023-07-13,1.5747392574316568
2023-07-14,1.5696250646848786
2023-07-17,1.5714435230089236
2023-07-18,1.582302849604732
2023-07-19,1.5832021497063935
2023-07-20,1.5743229168942943
2023-07-21,1.573725374998981
2023-07-24,1.5747266892173477
2023-07-25,1.5775540623570001
2023-07-26,1.580106879988612
2023-07-27,1.5755906855159418
2023-07-28,1.5852577428945431
2023-07-31,1.58552926946135
2023-08-02,1.569588079122886
2023-08-03,1.5655494994993129
2023-08-04,1.567912982537501
2023-08-07,1.5749662282464325
2023-08-08,1.5683283621983235
2023-08-09,1.5628260362170423
2023-08-10,1.5647887488952013
2023-08-11,1.5625430482685356
2023-08-14,1.5620998278675873
2023-08-15,1.551244340980366
2023-08-16,1.5424023180486446
2023-08-17,1.5359833614917415
2023-08-18,1.537244137829968
2023-08-21,1.5415185547131103
2023-08-22,1.5419174248138372
2023-08-23,1.5541263310322821
2023-08-24,1.541752493723742
2023-08-25,1.5474527965783762
2023-08-28,1.555650436779563
2023-08-29,1.5685762078996617
2023-08-30,1.5704967294373928
2023-08-31,1.5708860308585777
2023-09-05,1.565165942213309
2023-09-06,1.5603882516355578
2023-09-07,1.5586200078130403
2023-09-08,1.5570908090089557
2023-09-11,1.5654055589429117
2023-09-12,1.5601717032043723
2023-09-13,1.5595749821300324
2023-09-14,1.5701609881405305
2023-09-15,1.5638632708619116
2023-09-18,1.5662221957447853
2023-09-19,1.5661410371828899
2023-09-20,1.5575935358821906
2023-09-21,1.5408868341320279
2023-09-22,1.541371267072188
2023-09-25,1.5410776761052876
2023-09-26,1.5253159224047936
2023-09-27,1.522812467328934
2023-09-28,1.5260903185932657
2023-09-29,1.5180000761839452
2023-10-03,1.5063007525956258
2023-10-04,1.5074601125067197
2023-10-05,1.5118608470327861
2023-10-06,1.5199837015679158
2023-10-09,1.5288691902706815
2023-10-10,1.5344787914228308
2023-10-11,1.538101242188569
2023-10-12,1.5348945274615438
2023-10-13,1.538277460720473
2023-10-16,1.5431293656073408
2023-10-17,1.544200999346626
2023-10-18,1.5375066404283666
2023-10-19,1.5350064615286096
2023-10-20,1.5280282300201633
2023-10-23,1.525829959320155
2023-10-24,1.5312030363216709
2023-10-25,1.5242182290794977
2023-10-26,1.5156769000584736
2023-10-27,1.5187071824276326
2023-10-30,1.5250993874012906
2023-10-31,1.5297227010234513
2023-11-02,1.5458252904001957
2023-11-03,1.5557423656884266
2023-11-06,1.5525697921219517
2023-11-07,1.5494267271922548
2023-11-08,1.5430534153330917
2023-11-09,1.540612553774264
2023-11-10,1.5507688075216204
2023-11-13,1.5520023270484031
2023-11-14,1.569163325869466
2023-11-15,1.567345129147354
2023-11-16,1.5688180910391327
2023-11-17,1.5751679888407524
2023-11-20,1.580203186174754
2023-11-21,1.5798434297121489
2023-11-22,1.582725420912509
2023-11-24,1.583803706576183
2023-11-27,1.583021753738677
2023-11-28,1.5863298442475557
2023-11-29,1.5865174881854411
2023-11-30,1.5875350144467837
2023-12-04,1.5743445183234674
2023-12-05,1.5724377356607275
2023-12-06,1.5739548606528022
2023-12-07,1.5803208497746097
2023-12-08,1.5770861153252447
2023-12-11,1.5765857134600416
2023-12-12,1.5786456148023809
2023-12-13,1.5970479931192965
2023-12-14,1.6001683382500989
2023-12-15,1.5939478565787741
2023-12-18,1.5980357141336488
2023-12-19,1.604485475337091
2023-12-20,1.5939956217126794
2023-12-21,1.6058456522320417
2023-12-22,1.6090137854605266
2023-12-26,1.6141652472552197
2023-12-27,1.6180176486284126
2023-12-28,1.6173409137913337
2023-12-29,1.615850362371869
2024-01-03,1.6079002476173088
2024-01-04,1.6060574267637782
2024-01-05,1.6085963050231573
2024-01-08,1.6180830704587372
2024-01-09,1.6159838785011484
2024-01-10,1.6227741356636645
2024-01-11,1.6254081561490215
2024-01-12,1.6306420676972073
2024-01-16,1.624420785503085
2024-01-17,1.6157088270629447
2024-01-18,1.6251225599825672
2024-01-19,1.6337481816508526
2024-01-22,1.6367998949154807
2024-01-23,1.6374552649315413
2024-01-24,1.6362881435079182
2024-01-25,1.639884887003782
2024-01-26,1.6371808786680657
2024-01-29,1.6463395207568017
2024-01-30,1.6454667536393834
2024-01-31,1.636975552174908
2024-02-02,1.6381592754143963
2024-02-05,1.6299347178849062
2024-02-06,1.636449100981406
2024-02-07,1.641199464598979
2024-02-08,1.6437302178991977
2024-02-09,1.6475468137823464
2024-02-12,1.6469227341824426
2024-02-13,1.629753130915651
2024-02-14,1.6381850978912227
2024-02-15,1.6501221692194676
2024-02-16,1.6451526753645191
2024-02-20,1.6430854807873274
2024-02-21,1.645509129861796
2024-02-22,1.6600118499553786
2024-02-23,1.6614484162767893
2024-02-26,1.6563605916171462
2024-02-27,1.6580746093852643
2024-02-28,1.6598208988851009
2024-02-29,1.6652712850720923
2024-03-04,1.6685487653534197
2024-03-05,1.665560097221476
2024-03-06,1.675051780882139
2024-03-07,1.6836416759996244
2024-03-08,1.6816668529234131
2024-03-11,1.6770114049037776
2024-03-12,1.6817852496229482
2024-03-13,1.681685597211066
2024-03-14,1.678055485130591
2024-03-15,1.6752199355257715
2024-03-18,1.6818538604198752
2024-03-19,1.6855817825326502
2024-03-20,1.6970576209353299
2024-03-21,1.6994240725614511
2024-03-22,1.6956068742462524
2024-03-25,1.692932165390544
2024-03-26,1.6940187661892905
2024-03-27,1.7027098020906408
2024-03-28,1.7054646242337392
2024-04-02,1.702651356333913
2024-04-03,1.708749120578002
2024-04-04,1.696663609028292
2024-04-05,1.7073438522733257
2024-04-08,1.7117224035421863
2024-04-09,1.7135168387943547
2024-04-10,1.699804567010255
2024-04-11,1.710841940651448
2024-04-12,1.6931707462876529
2024-04-15,1.6907608342089209
2024-04-16,1.6863378570921628
2024-04-17,1.6793478761217822
2024-04-18,1.6785936219743034
2024-04-19,1.6734697595381314
2024-04-22,1.6763626346237541
2024-04-23,1.6857269980780285
2024-04-24,1.68531131790957
2024-04-25,1.6804731308926246
2024-04-26,1.6901820415038422
2024-04-29,1.693053362449539
2024-04-30,1.67463780428726
2024-05-02,1.6849986290636279
2024-05-03,1.6956352084408914
2024-05-06,1.7068567918945843
2024-05-07,1.7051017340815309
2024-05-08,1.7024465741210921
2024-05-09,1.712511826149843
2024-05-10,1.7146817063618438
2024-05-13,1.7111896046561563
2024-05-14,1.7188590362690634
2024-05-15,1.733047383535001
2024-05-16,1.7266676309472855
2024-05-17,1.7339510917041634
2024-05-20,1.7371586465403028
2024-05-21,1.7364769177267154
2024-05-22,1.7256753588675073
2024-05-23,1.715221559217602
2024-05-24,1.7233430973182458
2024-05-28,1.7278930840206537
2024-05-29,1.7135739992968677
2024-05-30,1.714293818866887
2024-05-31,1.7218205454143922
2024-06-04,1.7064089134759959
2024-06-05,1.720373250107621
2024-06-06,1.7261596835350257
2024-06-07,1.7154280810147475
2024-06-10,1.7220438155918179
2024-06-11,1.7195553204150384
2024-06-12,1.728362938268674
2024-06-13,1.7267415723706894
2024-06-14,1.7293743832591395
2024-06-17,1.7351226256017152
2024-06-18,1.7440903814036528
2024-06-20,1.742999512052472
2024-06-21,1.7389609775753894
2024-06-24,1.73919371127612
2024-06-25,1.7358732712096065
2024-06-26,1.7332214326956337
2024-06-27,1.7339749838151988
2024-06-28,1.736275927035835
2024-07-02,1.738049630075615
2024-07-03,1.7554278942719466
2024-07-05,1.7632260774370871
2024-07-08,1.7575369048293144
2024-07-09,1.7551564556392836
2024-07-10,1.7675851059816015
2024-07-11,1.7760466214546196
2024-07-12,1.7863041339849506
2024-07-15,1.7769101414985373
2024-07-16,1.7861999394071024
2024-07-17,1.7729325473828161
2024-07-18,1.76241858985003
2024-07-19,1.7502538892850525
2024-07-22,1.7630184417563635
2024-07-23,1.7553036842149372
2024-07-24,1.7399526505605316
2024-07-25,1.7319341853339474
2024-07-26,1.748299635461575
2024-07-29,1.7422964275435053
2024-07-30,1.7441685685120776
2024-07-31,1.7637569212323787
2024-08-02,1.748493315606764
2024-08-05,1.72123783486684
2024-08-06,1.7246458477251494
2024-08-07,1.7212036135994209
2024-08-08,1.745064165124531
2024-08-09,1.749332333539611
2024-08-12,1.7563127818146291
2024-08-13,1.769337454082248
2024-08-14,1.7686745162633342
2024-08-15,1.783800265645726
2024-08-16,1.7953231687968902
2024-08-19,1.8032289066480596
2024-08-20,1.8030474898371323
2024-08-21,1.8063088462076582
2024-08-22,1.7948802067747545
2024-08-23,1.8094541804534978
2024-08-26,1.8080585375513714
2024-08-27,1.81070452179478
2024-08-28,1.8033399272171313
2024-08-29,1.8057530214805764
2024-08-30,1.810367546862764
2024-09-04,1.8079359408147728
2024-09-05,1.81114378562965
2024-09-06,1.7922043689155913
2024-09-09,1.8036480254662852
2024-09-10,1.8078268437410607
2024-09-11,1.8143780544015766
2024-09-12,1.8287812313052023
2024-09-13,1.8358219863599812
2024-09-16,1.8385477446489267
2024-09-17,1.8346318826630421
2024-09-18,1.8288922300029196
2024-09-19,1.8508500775931134
2024-09-20,1.855656046916812
2024-09-23,1.8593776671405042
2024-09-24,1.867020088115922
2024-09-25,1.864539293093332
2024-09-26,1.8749355403487804
2024-09-27,1.8665212751075373
2024-09-30,1.8662701434052624
2024-10-02,1.8660392708407094
2024-10-03,1.8626890762479997
2024-10-04,1.8676618868180717
2024-10-07,1.8591646262104995
2024-10-08,1.86196773416231
2024-10-09,1.8642290375079442
2024-10-10,1.8653933759322296
2024-10-11,1.8761378239264361
2024-10-14,1.8816613994664986
2024-10-15,1.877577967205774
2024-10-16,1.883434841367397
2024-10-17,1.8855122038637466
2024-10-18,1.895106022971003
2024-10-21,1.890743163744822
2024-10-22,1.8952723162914498
2024-10-23,1.8842165179567598
2024-10-24,1.8901671816410908
2024-10-25,1.8897397239448708
2024-10-28,1.893088226049049
2024-10-29,1.8980329835802365
2024-10-30,1.8985306847756573
2024-10-31,1.876649358456832
2024-11-04,1.877129740925395
2024-11-05,1.887718841494495
2024-11-06,1.8819289047873196
2024-11-07,1.899071513538534
2024-11-08,1.8951812968717032
2024-11-11,1.8813052286841738
2024-11-12,1.871639998840433
2024-11-13,1.865819607325657
2024-11-14,1.8598977032964827
2024-11-15,1.851561212879734
2024-11-18,1.8658970585102428
2024-11-19,1.8733223441780875
2024-11-20,1.8766025992667632
2024-11-21,1.8841736831351958
2024-11-22,1.8937675964380145
2024-11-25,1.8797657749403303
2024-11-26,1.8832430662197945
2024-11-27,1.883707630911112
2024-11-29,1.8930909074197255
2024-12-03,1.895232670575785
2024-12-04,1.9008884827006214
2024-12-05,1.896787712551093
2024-12-06,1.8984699139971093
2024-12-09,1.904206474160342
2024-12-10,1.9074804450701452
2024-12-11,1.9179028138830425
2024-12-12,1.9054510097159665
2024-12-13,1.898584386822244
2024-12-16,1.901854808750858
2024-12-17,1.8968700224056858
2024-12-18,1.864575975439051
2024-12-19,1.8655433950781053
2024-12-20,1.8794337361095539
2024-12-23,1.880904841902279
2024-12-24,1.8892592009014775
2024-12-26,1.893165757097233
2024-12-27,1.882570023161467
2024-12-30,1.8730401824958953
2024-12-31,1.8745267628952444
2025-01-03,1.8791329432507116
2025-01-06,1.881112730384138
2025-01-07,1.8763460463681008
2025-01-08,1.8795439913599945
2025-01-10,1.872500555757053
2025-01-13,1.868184040601656
2025-01-14,1.8736887944949099
2025-01-15,1.8899064546358995
2025-01-16,1.893835512876781
2025-01-17,1.897998194665194
2025-01-21,1.9141389404970692
2025-01-22,1.919086437940634
2025-01-23,1.9225762525637808
2025-01-24,1.9252777862315555
2025-01-27,1.9102679603449435
2025-01-28,1.9200111694432866
2025-01-29,1.9144905352169233
2025-01-30,1.9285384300092339
2025-01-31,1.925482001578645
2025-02-04,1.9373692991882907
2025-02-05,1.9429826288578242
2025-02-06,1.9443350515742475
2025-02-07,1.939876718736677
2025-02-10,1.9551833447412725
2025-02-11,1.9530625068741196
2025-02-12,1.952340699721271
2025-02-13,1.965502160328307
2025-02-14,1.957860931671649
2025-02-18,1.9699627019743218
2025-02-19,1.9714964601985403
2025-02-20,1.9706213949530307
2025-02-21,1.9593922396621304
2025-02-24,1.9579111959817401
2025-02-25,1.9472416162062416
2025-02-26,1.9496487984480333
2025-02-27,1.9286748235505995
2025-02-28,1.9333478169741654
2025-03-04,1.932271776101108
2025-03-05,1.9454186639700273
2025-03-06,1.9305898080725505
2025-03-07,1.936314073451649
2025-03-10,1.9110099792612005
2025-03-11,1.913566720938446
2025-03-12,1.9193155234737014
2025-03-13,1.9202446618173863
2025-03-14,1.9367151949109158
2025-03-17,1.9465173154999962
2025-03-18,1.9475295495306901
2025-03-19,1.9567365122462632
2025-03-20,1.9518563536032618
2025-03-21,1.945966981549609
2025-03-24,1.9540819665870555
2025-03-25,1.9594907246224034
2025-03-26,1.949009772299193
2025-03-27,1.9556011878345745
2025-03-28,1.9469192395068566
2025-03-31,1.9578382334937485
2025-04-02,1.9624698466584494
2025-04-03,1.9293042719289366
2025-04-04,1.8689547972839669
2025-04-07,1.8369209893149363
2025-04-08,1.8226083451835768
2025-04-09,1.904651583701008
2025-04-10,1.8904710952710215
2025-04-11,1.9177777462750802
2025-04-14,1.927743191758496
2025-04-15,1.9298938759254052
2025-04-16,1.9308539366713597
2025-04-17,1.9372537292611798
2025-04-21,1.9376311830416766
2025-04-22,1.951260719091164
2025-04-23,1.9511332953837026
2025-04-24,1.9690128544505676
2025-04-25,1.9651002061022937
2025-04-28,1.9736358982088689
2025-04-29,1.9745566770741891
2025-04-30,1.973863121059413
2025-05-02,1.988291900422415
2025-05-05,2.0048155436271173
2025-05-06,2.015035392324449
2025-05-07,2.0049507763969556
2025-05-08,1.9927692718291117
2025-05-09,2.001184815403571
2025-05-12,1.9980502099378687
2025-05-13,1.9967999530181368
2025-05-14,1.9832140663564983
2025-05-15,2.0000161129420184
2025-05-16,1.9997485541716893
2025-05-19,2.00804786207139
2025-05-20,2.014930180251295
2025-05-21,2.0045135932641744
2025-05-22,1.9975332323125168
2025-05-23,2.010386290805656
2025-05-27,2.010892699749364
2025-05-28,2.0066967662057364
2025-05-29,2.01582112757623
2025-05-30,2.009205158948926
2025-06-03,2.003430326072096
2025-06-04,2.0104379651148205
2025-06-05,2.0074296898924198
2025-06-06,2.0013948097930485
2025-06-09,2.006041923619924
2025-06-10,2.0100068899922445
2025-06-11,2.0124973702649878
2025-06-12,2.0228309013393666
2025-06-13,2.024933562779733
2025-06-16,2.0182899709687057
2025-06-17,2.0149125164365693
2025-06-18,2.012386289276833
2025-06-20,2.0103819552824054
2025-06-23,2.0186264008637966
2025-06-24,2.0144622049928076
2025-06-25,2.0105628087993797
2025-06-26,2.01202212836047
2025-06-27,2.0020672111781446
2025-06-30,2.0121808468022975
2025-07-02,2.018831614361348
2025-07-03,2.0175309172171114
2025-07-07,2.011138487579688
2025-07-08,2.0086448502963776
2025-07-09,2.0168698246934924
2025-07-10,2.016936202834516
2025-07-11,2.0176484717136565
2025-07-14,2.016393206769018
2025-07-15,2.007947453596292
2025-07-16,2.0135544453835448
2025-07-17,2.0156024576284706
2025-07-18,2.0148739545728658
2025-07-21,2.0266113694031342
2025-07-22,2.033599698489013
2025-07-23,2.0413802577817663
2025-07-24,2.0347830539046527
2025-07-25,2.0306414196668117
2025-07-28,2.019101683045753
2025-07-29,2.0205536854618598
2025-07-30,2.0081250921250478
2025-07-31,2.005904894652201
2025-08-04,2.019099632027194
2025-08-05,2.0187130626976977
2025-08-06,2.0230145671545228
2025-08-07,2.033151488180736
2025-08-08,2.0371581142951007
2025-08-11,2.0243585520997933
2025-08-12,2.0308213375085513
2025-08-13,2.0375376334164086
2025-08-14,2.035074648083493
2025-08-15,2.037138806150147
2025-08-18,2.0340234346140065
2025-08-19,2.029837020149642
2025-08-20,2.036654172742041
2025-08-21,2.0302522284881848
2025-08-22,2.048226145545265
2025-08-25,2.0385050269997333
2025-08-26,2.0431185555259836
2025-08-27,2.0441905744679505
2025-08-28,2.051927136793899
2025-08-29,2.0544200061070055
2025-09-03,2.0616569377031246
2025-09-04,2.063484698500055
2025-09-05,2.072041825781489
2025-09-08,2.08295963210926
2025-09-09,2.0820541784489173
2025-09-10,2.0834332393579884
2025-09-11,2.0895994528524584
2025-09-12,2.0905280586886246
2025-09-15,2.1022705223824723
2025-09-16,2.102177866065947
2025-09-17,2.095095695112934
2025-09-18,2.0980047797165056
2025-09-19,2.1053330609177143
2025-09-22,2.1179003480442513
2025-09-23,2.119915297426524
2025-09-24,2.1113054802045803
2025-09-25,2.109523478739292
2025-09-26,2.1201601095855924
2025-09-29,2.132581633492683
2025-09-30,2.1415735685355575
2025-10-02,2.141646443967521
2025-10-03,2.1482838287939976
2025-10-06,2.159209971527664
2025-10-07,2.1576287508184047
2025-10-08,2.171945646926611
2025-10-09,2.1554913848696153
2025-10-10,2.148328388516128
2025-10-13,2.171283368811067
2025-10-14,2.17849943831125
2025-10-15,2.1927737284982296
2025-10-16,2.2094366699382118
2025-10-17,2.199843075596186
2025-10-20,2.229731197990593
2025-10-21,2.183994516340489
2025-10-22,2.181433448050455
2025-10-23,2.1881577705656405
2025-10-24,2.1885893383739323
2025-10-27,2.1771078490462727
2025-10-28,2.171915206891893
2025-10-29,2.167060660051375
2025-10-30,2.174650573361304
2025-10-31,2.170706473382273
2025-11-04,2.153076629949427
2025-11-05,2.163454952673571
2025-11-06,2.1594810474251718
2025-11-07,2.1656408648939602
2025-11-10,2.1911408493220392
2025-11-11,2.1976403786901657
2025-11-12,2.21214868977544
2025-11-13,2.2000246768536145
2025-11-14,2.1852423178514293
2025-11-17,2.170607592276993
2025-11-18,2.1675705913193313
