Date,Ret
2015-02-03,0.009222987661869636
2015-02-04,-0.006455777047197223
2015-02-05,0.006803393635638048
2015-02-06,-0.009581771678095832
2015-02-09,-0.003947269670054927
2015-02-10,0.006295114926928033
2015-02-11,-0.0011502677361045135
2015-02-12,0.010261866457819277
2015-02-13,0.0016361265551760843
2015-02-17,-0.000784471062308329
2015-02-18,0.001982797800582236
2015-02-19,-0.0011562362283199787
2015-02-20,0.006793350154594657
2015-02-23,-0.0005162383738276304
2015-02-24,0.005520324083648102
2015-02-25,9.166123218622165e-05
2015-02-26,-0.003728580291363248
2015-02-27,0.0009807261532236444
2015-03-03,-0.004639651947809047
2015-03-04,-0.002387436160721526
2015-03-05,0.0018739820730202283
2015-03-06,-0.009948477190696697
2015-03-09,0.0019045103868415296
2015-03-10,-0.012162854043547456
2015-03-11,0.0028338910052308946
2015-03-12,0.006643760644295319
2015-03-13,-0.003648969078957651
2015-03-16,0.008924968734314205
2015-03-17,-0.0018104167535073488
2015-03-18,0.010624191155481905
2015-03-19,-0.007560207548058931
2015-03-20,0.013438128040004483
2015-03-23,0.0019273465951350948
2015-03-24,0.0006963105198518969
2015-03-25,-0.005126273690528719
2015-03-26,-0.00508968111280445
2015-03-27,0.0028353677316717814
2015-03-30,0.0029025599519457135
2015-03-31,-0.008088496114115988
2015-04-02,0.004586928734199084
2015-04-06,0.005417270613402235
2015-04-07,-0.0013644346518103187
2015-04-08,0.0004601584657247374
2015-04-09,-0.0001978311956540321
2015-04-10,0.001811726176569528
2015-04-13,-0.0032245519784225673
2015-04-14,0.0035375482823753646
2015-04-15,0.0021268859003411487
2015-04-16,-0.0005646776682832726
2015-04-17,-0.007910812616643087
2015-04-20,0.0017706851178240857
2015-04-21,0.003581000455757508
2015-04-22,0.0008861744311786262
2015-04-23,0.001804835543421703
2015-04-24,0.0028649834540518115
2015-04-27,0.0036360845310372232
2015-04-28,-4.8434247261501486e-05
2015-04-29,-0.00677316642100793
2015-04-30,-0.003540091145071531
2015-05-04,-0.002055210075521264
2015-05-05,-0.008822047474770918
2015-05-06,-0.0035872689849476475
2015-05-07,0.004663702938539877
2015-05-08,0.010193607602740986
2015-05-11,-0.011548251351731788
2015-05-12,0.0003170709483647511
2015-05-13,-0.001098399847490214
2015-05-14,0.008906406086722416
2015-05-15,0.006853970094269504
2015-05-18,-0.005462025415436553
2015-05-19,-0.003523886927847211
2015-05-20,0.000863587596972984
2015-05-21,0.0046850474954582624
2015-05-22,-0.002600510981798884
2015-05-26,-0.0040085050154531916
2015-05-27,0.0063565816503438
2015-05-28,-0.001371891216157087
2015-05-29,-0.004961067696381489
2015-06-02,-2.213196848130559e-05
2015-06-03,0.001577927857105981
2015-06-04,-0.004211824580822874
2015-06-05,-0.006287001390563248
2015-06-08,-0.0016976515198019397
2015-06-09,-0.0036448892717098904
2015-06-10,0.009456008376464578
2015-06-11,0.0041021464586707985
2015-06-12,-0.004462173419382769
2015-06-15,-0.0025050520847589193
2015-06-16,0.000722129253016281
2015-06-17,-0.002695071877062994
2015-06-18,0.004157834913668604
2015-06-19,4.0719987176124856e-05
2015-06-22,0.007346467208496034
2015-06-23,0.0013996924129913977
2015-06-24,-0.0037535551052896255
2015-06-25,-0.00019350179536864053
2015-06-26,-0.0003691883020419351
2015-06-29,-0.012953629628297844
2015-06-30,-0.0009353848579453391
2015-07-02,0.0006094576418151001
2015-07-06,-0.0011714173473397164
2015-07-07,0.004068433476476521
2015-07-08,-0.00631991135689703
2015-07-09,-0.00036258248786649684
2015-07-10,0.008109050458146696
2015-07-13,0.0020599087701490934
2015-07-14,0.0031420773432519144
2015-07-15,0.0012887628988555004
2015-07-16,0.005638145360244134
2015-07-17,6.886748089717096e-05
2015-07-20,-0.0018569534311498482
2015-07-21,-0.0005837563372431301
2015-07-22,-0.0005770668869636415
2015-07-23,-2.0548825580921484e-05
2015-07-24,-0.0031759081094134955
2015-07-27,-0.0018826417618801542
2015-07-28,0.0038686015831989407
2015-07-29,0.0017410663028065998
2015-07-30,0.0005634020386663139
2015-07-31,0.0035466306933310534
2015-08-04,-0.0017967864905623202
2015-08-05,0.002816308848242538
2015-08-06,-0.002634971310977983
2015-08-07,0.00011658214402006712
2015-08-10,0.007398668770080894
2015-08-11,-0.006752690340025342
2015-08-12,-0.002383938611918055
2015-08-13,-0.000997505426976474
2015-08-14,0.0013639947427104893
2015-08-17,0.0017172881315674837
2015-08-18,-0.00396355372635738
2015-08-19,-0.004617553402244382
2015-08-20,-0.01438481365816163
2015-08-21,-0.017414556876204797
2015-08-24,-0.02374215284720144
2015-08-25,-0.00282290888180826
2015-08-26,0.02027180031849843
2015-08-27,0.012387890168648781
2015-08-28,-0.0007753664148325997
2015-08-31,-0.0055171812073587555
2015-09-02,0.008536822178488076
2015-09-03,0.0008435229551021927
2015-09-04,-0.010070489172811488
2015-09-08,0.014146790057600223
2015-09-09,-0.004929207498262341
2015-09-10,0.0036205829369785514
2015-09-11,0.0012780654802527645
2015-09-14,-0.003442574367300918
2015-09-15,0.0036687579981836997
2015-09-16,0.005919754575637217
2015-09-17,0.002339070367806527
2015-09-18,-0.012345540663578021
2015-09-21,-0.000718752873685553
2015-09-22,-0.010828422574777712
2015-09-23,-0.0014436310673699804
2015-09-24,-0.0015286308662612884
2015-09-25,0.002409694733885403
2015-09-28,-0.010657863232227928
2015-09-29,0.000877385679803951
2015-09-30,0.00995200455009657
2015-10-02,0.009424516704574889
2015-10-05,0.012073873208205231
2015-10-06,0.0008484698859741581
2015-10-07,0.0062245211876202685
2015-10-08,0.003675342738150589
2015-10-09,0.001878727462977546
2015-10-12,-0.0004768567051206268
2015-10-13,-0.005380850957363178
2015-10-14,-0.0003029763874683036
2015-10-15,0.009330583770974493
2015-10-16,0.0010574217656905461
2015-10-19,-0.0012736443435295793
2015-10-20,-0.002129419869993087
2015-10-21,0.000247387480405847
2015-10-22,0.007969921556243377
2015-10-23,0.005966084134223029
2015-10-26,-0.0015483281593710457
2015-10-27,-0.004200739038757486
2015-10-28,0.00441493920136937
2015-10-29,-0.0032204514458177625
2015-10-30,-0.000874721583100997
2015-11-03,-0.0007451507509958185
2015-11-04,-0.004040693695762189
2015-11-05,0.00033173852902424996
2015-11-06,-0.001751532260163848
2015-11-09,-0.006699767126128731
2015-11-10,-0.00029187174967964684
2015-11-11,0.0008259650041551865
2015-11-12,-0.007029853646398914
2015-11-13,-0.00534090652251749
2015-11-16,0.0066539738410377825
2015-11-17,0.0007976653984395116
2015-11-18,0.00681299119347036
2015-11-19,0.0017969528266269276
2015-11-20,-0.0012181395242156965
2015-11-23,-0.0024782795090097353
2015-11-24,-0.00023817955924766682
2015-11-25,0.0018994028323747923
2015-11-27,0.0021438099097120414
2015-11-30,-0.0006364068359712461
2015-12-02,-0.006699344155136782
2015-12-03,-0.005743650219474189
2015-12-04,0.007872024465593921
2015-12-07,-0.0031824314536720547
2015-12-08,-0.00731188746190779
2015-12-09,-0.003997352589724341
2015-12-10,0.0011890493921168522
2015-12-11,-0.011227326791976584
2015-12-14,0.002324877927701148
2015-12-15,0.004038333052295764
2015-12-16,0.011357891795775602
2015-12-17,-0.0074767296569767305
2015-12-18,-0.00889817494838967
2015-12-21,0.003609759611802808
2015-12-22,0.004836960879589331
2015-12-23,0.008529401349506539
2015-12-24,-0.0022366646291478768
2015-12-28,-0.0013471872975583186
2015-12-29,0.006945312275556306
2015-12-30,-0.004620427459966708
2015-12-31,-0.007425112219276018
2016-01-05,-0.001017611736652108
2016-01-06,-0.009464252009615936
2016-01-07,-0.01032031114263471
2016-01-08,-0.007057182884824772
2016-01-11,0.0025283059616120276
2016-01-12,0.0046300196169432135
2016-01-13,-0.011233841457208932
2016-01-14,0.007494292624600931
2016-01-15,-0.017578238622097498
2016-01-19,0.003978976451042204
2016-01-20,-0.012561492277384876
2016-01-21,0.004227333789254321
2016-01-22,0.016011205927594828
2016-01-25,-0.008960613953723103
2016-01-26,0.01058480626563797
2016-01-27,-0.004452879692531107
2016-01-28,0.0013747839399794167
2016-01-29,0.010766980588369578
2016-02-02,-0.010975070199472142
2016-02-03,0.0018261342939498815
2016-02-04,0.0004816158448263698
2016-02-05,-0.009659997885976136
2016-02-08,-0.008141292985265794
2016-02-09,-0.005967950142255131
2016-02-10,-0.0029199668945421708
2016-02-11,-0.009004818449007164
2016-02-12,0.00807704733901107
2016-02-16,0.01509402724740487
2016-02-17,0.0077542204366739375
2016-02-18,-0.0022500964433537695
2016-02-19,-0.001396367936966114
2016-02-22,0.007785402666418771
2016-02-23,-0.008832898938689764
2016-02-24,0.0007042998918263865
2016-02-25,0.007001047296164546
2016-02-26,-0.001301343415522656
2016-02-29,-0.004965884292675772
2016-03-02,0.0034934505751438145
2016-03-03,0.004594841255905266
2016-03-04,0.0032421549567984357
2016-03-07,-0.0014309573805642512
2016-03-08,-0.005246450518099927
2016-03-09,0.0019673715332989717
2016-03-10,0.00029269402232661655
2016-03-11,0.014451509117304641
2016-03-14,-0.00035880012656469063
2016-03-15,-0.003960832666026149
2016-03-16,0.00439887688890284
2016-03-17,0.002422997391860387
2016-03-18,0.00017931046289525277
2016-03-21,-0.0002571814505522408
2016-03-22,-0.00029126991287412366
2016-03-23,-0.005197406882814222
2016-03-24,-0.003436138457938283
2016-03-28,0.0030626037229778747
2016-03-29,0.006413651833006375
2016-03-30,0.003556005667802712
2016-03-31,-0.005741173794729564
2016-04-04,-0.0018810095248165425
2016-04-05,-0.0035391964679491604
2016-04-06,0.004143434650245167
2016-04-07,-0.0013594132620378045
2016-04-08,0.005424757542347574
2016-04-11,0.0012264537909097324
2016-04-12,0.005843430295253791
2016-04-13,0.004728688610352114
2016-04-14,-0.0019779003869392314
2016-04-15,-0.0002660554858969961
2016-04-18,0.0027449789352448355
2016-04-19,0.006728872493995794
2016-04-20,-7.405696492905099e-05
2016-04-21,-0.0007797569142467284
2016-04-22,-0.0014575526456447982
2016-04-25,-0.0010631155585899513
2016-04-26,0.0007400580444468534
2016-04-27,0.0011873441785496528
2016-04-28,-0.005020917902200676
2016-04-29,0.0011652577861058222
2016-05-03,-0.0031947898527718006
2016-05-04,0.0012699971550288978
2016-05-05,0.0018461150835568704
2016-05-06,0.004580742899808248
2016-05-09,0.003422728911053339
2016-05-10,0.007163749868687615
2016-05-11,-0.01080428893135188
2016-05-12,0.001934886466919066
2016-05-13,-0.006457627222917019
2016-05-16,0.007206413431535604
2016-05-17,-0.009194056499621418
2016-05-18,-0.00594196517536373
2016-05-19,-0.0050938703939082805
2016-05-20,0.005711574699003017
2016-05-23,-0.0008126196210933138
2016-05-24,0.008835378640998336
2016-05-25,0.003135567953978054
2016-05-26,0.001278556108388367
2016-05-27,0.0023550995590933795
2016-05-31,7.96254291987391e-06
2016-06-02,-0.0002158384239153537
2016-06-03,0.007529025679289252
2016-06-06,0.0022534044114179154
2016-06-07,0.0019972923888238615
2016-06-08,0.005013643600289841
2016-06-09,-0.0016428069203217235
2016-06-10,-0.006241963456548153
2016-06-13,-0.0031873289905318923
2016-06-14,-0.0026762947102335383
2016-06-15,0.0033501873131695516
2016-06-16,-0.0014840999913124685
2016-06-17,0.0032270436194880014
2016-06-20,0.004477463339995894
2016-06-21,-0.002072286750157346
2016-06-22,-0.001056449285516351
2016-06-23,0.006291329275735623
2016-06-24,-0.010784702585720101
2016-06-27,-0.004152558377359482
2016-06-28,0.0060865630419533025
2016-06-29,0.007389230242002552
2016-06-30,0.005213970909204203
2016-07-05,-0.0012839605590019287
2016-07-06,0.0018476134742278663
2016-07-07,-0.0013311207783366147
2016-07-08,0.007583773728712634
2016-07-11,0.00372178377898652
2016-07-12,0.0006609665010045464
2016-07-13,0.0018745150067612404
2016-07-14,-9.089498523388154e-05
2016-07-15,-0.0022940889405086884
2016-07-18,0.0013703636989116708
2016-07-19,-0.0011128679749962767
2016-07-20,0.000658410562367358
2016-07-21,1.3053643605487114e-05
2016-07-22,0.0009084013524170411
2016-07-25,-0.0021050069438589203
2016-07-26,0.0010529208473752886
2016-07-27,0.002947042093361072
2016-07-28,0.0001903760938496274
2016-07-29,0.006266983388177781
2016-08-02,-0.0043558497517410845
2016-08-03,-0.0007274380974970614
2016-08-04,0.0017490436188913468
2016-08-05,0.0003351089474860979
2016-08-08,0.0003283671179474596
2016-08-09,0.0026704555958164265
2016-08-10,0.0001974213015605076
2016-08-11,-0.00025919480326999156
2016-08-12,-5.88703705151499e-05
2016-08-15,0.0012381047854769307
2016-08-16,-0.0031761182610306237
2016-08-17,0.001889894022959269
2016-08-18,0.000811720845216333
2016-08-19,-0.00279472176348385
2016-08-22,0.0012700732008456119
2016-08-23,0.000847203837023982
2016-08-24,-0.0035980923895657106
2016-08-25,-0.0004671248764366349
2016-08-26,-0.002823328828376044
2016-08-29,0.003898348109153466
2016-08-30,-0.0021542362690184567
2016-08-31,-0.0009147353428355291
2016-09-02,0.003700291255537015
2016-09-06,0.00591213879529173
2016-09-07,0.002255184696641664
2016-09-08,-0.004862569539570524
2016-09-09,-0.016360064280361363
2016-09-12,0.0049680445070408325
2016-09-13,-0.013900890632919145
2016-09-14,-0.0015253691777001271
2016-09-15,0.0024622616359193106
2016-09-16,-0.002393697850372752
2016-09-19,0.002390805940320212
2016-09-20,0.005211518021121862
2016-09-21,0.014780125632642447
2016-09-22,0.008961126752142903
2016-09-23,-0.005484303565313981
2016-09-26,-0.0019028993716985526
2016-09-27,0.003211453317371692
2016-09-28,0.0024921206412940253
2016-09-29,-0.004755211547225455
2016-09-30,-0.0019270569903562951
2016-10-04,-0.004920229543918285
2016-10-05,-0.0008649857297794464
2016-10-06,-0.001149878685270491
2016-10-07,-0.000814288971475604
2016-10-10,0.0007474496030945682
2016-10-11,-0.004877743882617573
2016-10-12,0.0012790338615745584
2016-10-13,0.00046366637396475993
2016-10-14,-0.0029441373838293822
2016-10-17,0.0004768928210850769
2016-10-18,0.003025455944783603
2016-10-19,0.0012473415405969775
2016-10-20,-0.0003095538263718538
2016-10-21,0.00021994008270296246
2016-10-24,0.000590404899295798
2016-10-25,-0.00052322949963717
2016-10-26,-0.0029267025382874534
2016-10-27,-0.00487269693820231
2016-10-28,-0.0009584590505178988
2016-10-31,0.0025717391674095836
2016-11-02,-0.0029195522551869178
2016-11-03,-0.0025208426837973943
2016-11-04,0.0004011642170728398
2016-11-07,0.007171281719427056
2016-11-08,0.0012440333259053182
2016-11-09,-0.0034944553673275456
2016-11-10,-0.002453416824067823
2016-11-11,-0.0007951315395715229
2016-11-14,0.0013372155005690338
2016-11-15,0.002380853668645702
2016-11-16,-0.0001088997889177056
2016-11-17,0.00026391129391153934
2016-11-18,-0.001975635971694123
2016-11-21,0.002933606391369078
2016-11-22,0.0019377912599913727
2016-11-23,-0.0006292753648743119
2016-11-25,0.001249985625941296
2016-11-28,0.0004102269308083761
2016-11-29,0.001818186107286185
2016-11-30,-0.0036215287632186833
2016-12-02,0.0048818652152606366
2016-12-05,0.0026615673888502936
2016-12-06,0.0022312362168664
2016-12-07,0.00992698033344091
2016-12-08,-0.000785790339374994
2016-12-09,-0.002625606782970121
2016-12-12,0.002084584896985258
2016-12-13,0.0019769167496247277
2016-12-14,-0.010635448252175947
2016-12-15,0.00044210035214631684
2016-12-16,0.0032586463632128886
2016-12-19,0.0061951085414032325
2016-12-20,-7.012245880449737e-05
2016-12-21,-0.003466783111709469
2016-12-22,-0.0013215848083854105
2016-12-23,0.0015483097948067836
2016-12-27,0.00020906744569028964
2016-12-28,-0.0010904152497947864
2016-12-29,0.004537975264371489
2016-12-30,0.0031684226656769486
2017-01-04,0.005814753608209233
2017-01-05,0.004139754209843082
2017-01-06,-0.0013674913188958227
2017-01-09,-0.0013261312203774933
2017-01-10,-0.002691805841943545
2017-01-11,-0.000713391893319346
2017-01-12,0.0007902597101716132
2017-01-13,-0.0010638517765590564
2017-01-17,0.003928791893813563
2017-01-18,-0.0018508584246112157
2017-01-19,-0.004834765637073266
2017-01-20,0.0022662202503793884
2017-01-23,0.004228437469368569
2017-01-24,-0.0006101313026531656
2017-01-25,-0.0033410268456816666
2017-01-26,-3.709942968597646e-05
2017-01-27,-0.0023870517711870073
2017-01-30,-0.003422554175408473
2017-01-31,0.0034965807216509317
2017-02-02,0.0029821947410985576
2017-02-03,0.003539581640861226
2017-02-06,7.465362379121622e-05
2017-02-07,0.0005496577585505821
2017-02-08,0.00499332941109729
2017-02-09,0.0002542583560005718
2017-02-10,0.002928659989341627
2017-02-13,0.0012781982030998483
2017-02-14,-0.0014437198711717378
2017-02-15,8.112496282589653e-05
2017-02-16,0.002218738623914422
2017-02-17,0.002075011548588326
2017-02-21,0.0047022672022119195
2017-02-22,-0.0007794009453698315
2017-02-23,0.0020662302393398605
2017-02-24,0.0035692546342116775
2017-02-27,0.0006116510178419759
2017-02-28,-0.001840429107509384
2017-03-02,-0.0035370669164867903
2017-03-03,4.583799274109388e-05
2017-03-06,-0.003063089775814572
2017-03-07,-0.0027270162184260364
2017-03-08,-0.007536994674919191
2017-03-09,-0.005749726995150528
2017-03-10,0.000768323111626179
2017-03-13,-0.0004696220923055499
2017-03-14,-1.0963656913391586e-05
2017-03-15,0.010858145780082287
2017-03-16,-0.0014046346249812938
2017-03-17,0.002571673846831533
2017-03-20,0.0004451615197631257
2017-03-21,-0.0011907439230903513
2017-03-22,0.00103002856226257
2017-03-23,0.0020658775507925837
2017-03-24,0.00042360623987399657
2017-03-27,-0.0018091824357381542
2017-03-28,0.0010524248386410522
2017-03-29,0.0031494992638102545
2017-03-30,-0.0010070173393907616
2017-03-31,0.0024197984627890826
2017-04-04,-0.0010115727607396205
2017-04-05,-0.000344889823768282
2017-04-06,0.00199771698964063
2017-04-07,-0.0009988694796913842
2017-04-10,0.0027274796002668376
2017-04-11,0.0034952834068388934
2017-04-12,-0.0007977258628342539
2017-04-13,-0.0024566491815132007
2017-04-17,0.0057078885461223205
2017-04-18,0.002177435045424876
2017-04-19,-0.002396842343308933
2017-04-20,0.0025001345757456796
2017-04-21,-0.0019561392615717434
2017-04-24,0.0013481528820231588
2017-04-25,0.000695218825643994
2017-04-26,-0.000944953153054421
2017-04-27,-0.0003020801686096305
2017-04-28,-0.0027791210296079258
2017-05-02,0.002099134105043781
2017-05-03,-0.0025049963857285812
2017-05-04,-0.002694869453298522
2017-05-05,0.0036849759874861498
2017-05-08,-0.002507718365044495
2017-05-09,0.0009287487453383122
2017-05-10,0.0020815829643905546
2017-05-11,-0.0011526319885882307
2017-05-12,0.0015695422121234752
2017-05-15,0.003261040328161339
2017-05-16,6.722105903098409e-05
2017-05-17,-0.005248291023003546
2017-05-18,-0.0005827371511789225
2017-05-19,0.006604523794998389
2017-05-22,0.0015452979348144133
2017-05-23,-0.0005644609013725152
2017-05-24,0.003285718927869286
2017-05-25,0.002663253732408285
2017-05-26,0.0001304640480775045
2017-05-30,-0.00019319634688285217
2017-05-31,-0.0006608722132382763
2017-06-02,0.0071478730276575515
2017-06-05,-0.0024935102192848936
2017-06-06,0.00039828576401866605
2017-06-07,-0.000338668319268975
2017-06-08,-0.0006956131014015502
2017-06-09,-0.002194182161906933
2017-06-12,9.939993986543108e-05
2017-06-13,0.003104123956433891
2017-06-14,0.0033986214581862937
2017-06-15,-0.002619867941181032
2017-06-16,0.000968041971328091
2017-06-19,0.0037597686721402026
2017-06-20,-0.0020382249252163037
2017-06-21,0.0007561445326325696
2017-06-22,0.001253696945262289
2017-06-23,0.0013091736441784422
2017-06-26,0.0025890290630945154
2017-06-27,-0.00811943258362836
2017-06-28,0.003966759220536883
2017-06-29,-0.00884298522117049
2017-06-30,0.0010502056000350115
2017-07-05,0.00032948484135222005
2017-07-06,-0.007612314594200242
2017-07-07,0.0011127523729229133
2017-07-10,0.0014703958900908532
2017-07-11,0.001724497436663733
2017-07-12,0.007955056497006218
2017-07-13,-0.00012781310559436523
2017-07-14,0.004628515412945854
2017-07-17,0.0001699679226056247
2017-07-18,0.002781433620099299
2017-07-19,0.003919441233098469
2017-07-20,0.0005966179076501759
2017-07-21,0.0008283492259077899
2017-07-24,-0.0004236074582219619
2017-07-25,-0.002221008823373959
2017-07-26,0.002514678482428631
2017-07-27,-0.0017776441398359114
2017-07-28,0.0015625256106096541
2017-07-31,0.0005673047531679682
2017-08-02,0.0003579701495048107
2017-08-03,0.0006726059610570545
2017-08-04,-0.0009454606686279609
2017-08-07,0.0019688182673418173
2017-08-08,-0.0013878400763634494
2017-08-09,0.00020662356370875217
2017-08-10,-0.0077046572742198866
2017-08-11,0.0013874007436892512
2017-08-14,0.004255528685181155
2017-08-15,-0.0014500812849931783
2017-08-16,0.004013447973649562
2017-08-17,-0.006584829757476202
2017-08-18,0.0009257320647607505
2017-08-21,0.001334025080693321
2017-08-22,0.004500535951775907
2017-08-23,0.0009866733276063223
2017-08-24,-0.0016176277341342078
2017-08-25,0.0032557187598622763
2017-08-28,0.001052159761192344
2017-08-29,0.00029291385836189134
2017-08-30,0.0017980488148085956
2017-08-31,0.004599939779406863
2017-09-05,-0.003095407727225727
2017-09-06,0.002449948795135153
2017-09-07,0.0036695036616366493
2017-09-08,-0.0011934661599948056
2017-09-11,0.005771231266763447
2017-09-12,0.0006686530739165138
2017-09-13,-0.001683422581943063
2017-09-14,0.0008823640236219427
2017-09-15,0.0018992431453039962
2017-09-18,0.00023248503306661983
2017-09-19,0.001463975750006115
2017-09-20,-0.00013929265511442848
2017-09-21,-0.0020980454447167875
2017-09-22,-4.497093363723569e-05
2017-09-25,-0.0020154942704919245
2017-09-26,-0.00018446592386175465
2017-09-27,-0.00088133057413792
2017-09-28,0.00022960188251920348
2017-09-29,0.0035823164904214824
2017-10-03,0.00473016085049563
2017-10-04,0.0005218108880490677
2017-10-05,0.0025122980250029125
2017-10-06,-0.0015902973543316982
2017-10-09,-0.00023768785257346803
2017-10-10,0.004368031168519572
2017-10-11,0.00258368933541785
2017-10-12,-0.00026127856692681445
2017-10-13,0.005665037672057645
2017-10-16,0.001236704909497931
2017-10-17,-0.0007338932196615117
2017-10-18,-0.00043172141887857075
2017-10-19,-0.0015984222702723407
2017-10-20,0.0015634140756128282
2017-10-23,-0.002004379716954721
2017-10-24,0.001993046692593373
2017-10-25,-0.004422173809988122
2017-10-26,0.0002235277163093495
2017-10-27,0.00747104292420314
2017-10-30,-0.001381105547369596
2017-10-31,0.0027771811740541366
2017-11-02,0.001296117063305899
2017-11-03,0.0013129617594395042
2017-11-06,0.0024367890400809784
2017-11-07,0.0012719649532427306
2017-11-08,0.002457757846057299
2017-11-09,-0.004364279449169124
2017-11-10,-0.0042681305577325366
2017-11-13,-0.0007826282528182858
2017-11-14,-0.0023025745107949826
2017-11-15,-0.0033099959849748188
2017-11-16,0.008560454027616876
2017-11-17,-0.0006208590934401012
2017-11-20,0.0024425494853052357
2017-11-21,0.006831103906168651
2017-11-22,0.0006611144876764128
2017-11-24,0.002105330364688017
2017-11-27,-0.0031429066920953563
2017-11-28,0.00550679212913998
2017-11-29,-0.003978404169521065
2017-11-30,0.001810417806127646
2017-12-04,-0.003238085212908857
2017-12-05,-6.235429863543446e-05
2017-12-06,-0.0023062654653759054
2017-12-07,0.0024356062351992146
2017-12-08,0.004861755355399783
2017-12-11,0.002587223303232416
2017-12-12,0.0002236099591054932
2017-12-13,0.0035093046018030817
2017-12-14,-0.003219648548024559
2017-12-15,0.0038619023480750587
2017-12-18,0.006184979348954799
2017-12-19,-0.006434729288596473
2017-12-20,-0.0008892071519400555
2017-12-21,0.00267864226732409
2017-12-22,0.002546072041821766
2017-12-26,0.00010201351454047624
2017-12-27,0.001416961690842483
2017-12-28,0.000695759821853771
2017-12-29,8.917402661896931e-06
2018-01-03,0.008397186799390251
2018-01-04,0.0053683322446222825
2018-01-05,0.00269414353018026
2018-01-08,0.00235559202673205
2018-01-09,-0.0001589305428196392
2018-01-10,0.001582899080729548
2018-01-11,0.005600543318108016
2018-01-12,0.004760976645888302
2018-01-16,-0.0013470929492121954
2018-01-17,0.0063621861526637
2018-01-18,-0.004718309338541139
2018-01-19,0.0028174195205474747
2018-01-22,0.005050942652941141
2018-01-23,0.004353008402390842
2018-01-24,0.0005383711771620119
2018-01-25,-0.0007999607154963625
2018-01-26,0.007405291884693584
2018-01-29,-0.006887325862596215
2018-01-30,-0.009987566077797588
2018-01-31,-0.00041369540439650305
2018-02-02,-0.013436030509878814
2018-02-05,-0.021573214580110033
2018-02-06,0.009057777953746507
2018-02-07,-0.006502553083087925
2018-02-08,-0.019643911357046705
2018-02-09,0.00711577297920311
2018-02-12,0.007960779887683334
2018-02-13,0.001726308648162579
2018-02-14,0.004859070780863128
2018-02-15,0.006832807965136267
2018-02-16,0.0021354812426142744
2018-02-20,-0.005668406994678805
2018-02-21,-0.006499833145070925
2018-02-22,0.00289095479936539
2018-02-23,0.009876818127905798
2018-02-26,0.005380127507459356
2018-02-27,-0.009265159124611904
2018-02-28,-0.003752018635584117
2018-03-02,0.001092553710375203
2018-03-05,0.00541125478395978
2018-03-06,0.0030288893034417295
2018-03-07,0.0007580476583838017
2018-03-08,0.002817768934869055
2018-03-09,0.006298307284046922
2018-03-12,0.0011799444868809102
2018-03-13,-0.0028473826835229516
2018-03-14,0.00011517374803253331
2018-03-15,-0.00040227598919973656
2018-03-16,0.00065823050876904
2018-03-19,-0.006999597800578496
2018-03-20,-0.00021879742503721225
2018-03-21,-0.0008820148624691505
2018-03-22,-0.011345488705653734
2018-03-23,-0.01091612509723841
2018-03-26,0.013165733843137755
2018-03-27,-0.005448122263494996
2018-03-28,0.003107404689230252
2018-03-29,0.006833213939902003
2018-04-03,0.006881111619794052
2018-04-04,0.002887402606910281
2018-04-05,0.003574862850121792
2018-04-06,-0.010441291863923343
2018-04-09,0.0049031221111462235
2018-04-10,0.009444905545813103
2018-04-11,-0.001156793006859706
2018-04-12,0.0007805787862813714
2018-04-13,-0.0011412181941951368
2018-04-16,0.002790621453708483
2018-04-17,0.004603225592299314
2018-04-18,0.0034811750843044614
2018-04-19,-0.004142662519813059
2018-04-20,-0.005462052816780392
2018-04-23,-0.001867350714209875
2018-04-24,-0.005357843879765842
2018-04-25,-0.0008911640528192706
2018-04-26,0.0063764697138436344
2018-04-27,0.0015011215291410949
2018-04-30,-0.0037716019036922077
2018-05-02,-0.002928199807074091
2018-05-03,0.0016523094800795406
2018-05-04,0.004895254824825308
2018-05-07,-0.0006545097886407924
2018-05-08,0.0014199624028061188
2018-05-09,-0.00040089973038024215
2018-05-10,0.00851922319316983
2018-05-11,0.0014169838869768343
2018-05-14,0.0015636988921382668
2018-05-15,-0.009159700979063209
2018-05-16,0.0031248652238358935
2018-05-17,-0.002689071274626168
2018-05-18,-0.001288981279935047
2018-05-21,0.0040109059823747115
2018-05-22,-0.00025219300495236084
2018-05-23,-0.0013966787755143152
2018-05-24,-0.002120477648832714
2018-05-25,-0.002462098058245327
2018-05-29,-0.008550982811237725
2018-05-30,0.007612178169718437
2018-05-31,-0.0032055686084195728
2018-06-04,0.0008648577907278927
2018-06-05,0.00040294803323999743
2018-06-06,0.001983753626838518
2018-06-07,0.0012633335774322125
2018-06-08,0.0005786204738974428
2018-06-11,0.001291223050092395
2018-06-12,-0.0001414024162736236
2018-06-13,-0.00208537732592482
2018-06-14,0.0034308050150620045
2018-06-15,-0.0007810925468415971
2018-06-18,-0.002341856094546045
2018-06-19,-0.0009853083213782075
2018-06-20,-0.001187287147831834
2018-06-21,-0.001275292891609134
2018-06-22,0.002817754979670174
2018-06-25,-0.005197086927791939
2018-06-26,0.0009329597637341455
2018-06-27,-0.0015307900150767887
2018-06-28,0.0024888337579084254
2018-06-29,0.001365978638077219
2018-07-03,0.0004514332199244556
2018-07-05,0.00589993165037134
2018-07-06,0.00600269293224929
2018-07-09,0.005825939437310399
2018-07-10,6.886365592237999e-05
2018-07-11,-0.015295181352491943
2018-07-12,0.0053585296681903215
2018-07-13,0.002868784822130594
2018-07-16,-0.005775011688643966
2018-07-17,0.0024782297962469614
2018-07-18,0.0017252993577518399
2018-07-19,-0.0011024338241510173
2018-07-20,0.0009718870077381505
2018-07-23,-0.0007981064131698107
2018-07-24,0.004977192293832708
2018-07-25,0.007698134212830899
2018-07-26,-0.0019877353480642233
2018-07-27,-0.0009176985884691582
2018-07-30,-0.0012331052855141004
2018-07-31,1.6389636740437593e-05
2018-08-02,0.0008549706418913558
2018-08-03,0.003252290654665408
2018-08-06,-0.0001015455044160844
2018-08-07,0.0037775219372752442
2018-08-08,-0.003068845078381907
2018-08-09,-0.0005462708800729836
2018-08-10,-0.006494548966822868
2018-08-13,-0.0040113148382423915
2018-08-14,0.0020977822274330575
2018-08-15,-0.010561166877958095
2018-08-16,0.005976207872034673
2018-08-17,0.003866387562976109
2018-08-20,0.003916930144251079
2018-08-21,0.0025825713895881305
2018-08-22,0.005296619774125292
2018-08-23,-0.0022584712036286697
2018-08-24,0.0059989378394293014
2018-08-27,0.005916142067997937
2018-08-28,-0.00253984900069253
2018-08-29,0.005537034645778468
2018-08-30,-0.003790320142984786
2018-08-31,-0.0020969305826687955
2018-09-05,-0.00459382705818999
2018-09-06,-0.0021726593017598046
2018-09-07,-0.004251423927175974
2018-09-10,0.004074418162558933
2018-09-11,0.0016317034458971167
2018-09-12,0.00266157950590141
2018-09-13,0.00238344161107308
2018-09-14,-0.0018570524144815306
2018-09-17,-0.0014857145269172119
2018-09-18,0.004039656274134274
2018-09-19,0.001169340241641715
2018-09-20,0.007088924309807308
2018-09-21,0.0001645356783806025
2018-09-24,-6.373751448264888e-06
2018-09-25,0.0011112086532861622
2018-09-26,-0.00013139936716104325
2018-09-27,0.0007834246026823379
2018-09-28,-0.0014525006735287395
2018-10-02,0.000927938163568094
2018-10-03,-0.0018240444497738082
2018-10-04,-0.008269270969182715
2018-10-05,-0.004462993150963635
2018-10-08,-0.0016536756655567118
2018-10-09,0.0024575472533980795
2018-10-10,-0.018223687250362417
2018-10-11,-0.009896420242133983
2018-10-12,0.00578585163772961
2018-10-15,-0.0015565466954780784
2018-10-16,0.011006456694784717
2018-10-17,-0.003915995287649768
2018-10-18,-0.009684286945694906
2018-10-19,0.0013556509862704261
2018-10-22,-0.002323464945863882
2018-10-23,-0.007427213378783684
2018-10-24,-0.014022961736695615
2018-10-25,0.00766012601498538
2018-10-26,-0.0039570450944971134
2018-10-29,-0.00525955100683424
2018-10-30,0.0044335252125523575
2018-10-31,0.0006431198494184238
2018-11-02,-0.002797355031111076
2018-11-05,0.0014479691281842637
2018-11-06,0.002801890299442869
2018-11-07,0.008806277489779246
2018-11-08,-0.004045337926862498
2018-11-09,-0.005994040130706772
2018-11-12,-0.009101967580870817
2018-11-13,-0.0060203906770682795
2018-11-14,0.0006607254384746084
2018-11-15,0.003671681418149484
2018-11-16,0.0030020596330272028
2018-11-19,-0.006250859179810514
2018-11-20,-0.01624845656511098
2018-11-21,0.006259884911725543
2018-11-23,-0.009157471505882898
2018-11-26,0.008784909925540693
2018-11-27,-0.00024097522850088894
2018-11-28,0.008831611785452895
2018-11-29,0.000260071466812355
2018-11-30,0.0008257703365284934
2018-12-04,-0.01360632511946374
2018-12-06,-0.0025474918012266807
2018-12-07,-0.005942844799360372
2018-12-10,-0.0035168725783687738
2018-12-11,0.0013833500797938466
2018-12-12,0.001947328155001023
2018-12-13,0.0027542318881585647
2018-12-14,-0.010783457371583026
2018-12-17,-0.010045593646742259
2018-12-18,-0.00503413700645152
2018-12-19,-0.005220108443797489
2018-12-20,-0.00815662630672496
2018-12-21,-0.011094642461785051
2018-12-24,-0.012637637560841394
2018-12-26,0.02419793036912523
2018-12-27,0.001432419085022432
2018-12-28,-0.002201760126859676
2018-12-31,0.0035748282142804865
2019-01-03,-0.010719813945382423
2019-01-04,0.018989948445720307
2019-01-07,0.0038344526765968115
2019-01-08,0.004882026815283164
2019-01-09,0.002649998772042087
2019-01-10,0.002585503660129258
2019-01-11,-0.0011631124062485279
2019-01-14,-0.003085402991791951
2019-01-15,0.0066431317920277455
2019-01-16,0.00168062782537137
2019-01-17,0.0031757086819161214
2019-01-18,0.007576162071876421
2019-01-22,-0.008171347404459073
2019-01-23,0.0005390109500918432
2019-01-24,0.0011777747293427198
2019-01-25,0.00519202523644314
2019-01-28,-0.0040548399253999175
2019-01-29,-0.00038210155431463025
2019-01-30,0.0084539726571902
2019-01-31,0.004302382897763623
2019-02-04,0.0020780135901974917
2019-02-05,0.0025794571775519413
2019-02-06,-0.003755583126887096
2019-02-07,-0.006613815293134161
2019-02-08,-0.0031169929209637717
2019-02-11,3.3336633060242215e-05
2019-02-12,0.008091696957436802
2019-02-13,0.0016791177701996883
2019-02-14,1.1798887076564803e-06
2019-02-15,0.007829673593131907
2019-02-19,0.0013305072446227525
2019-02-20,0.0007087375308720307
2019-02-21,-0.0006950064131261285
2019-02-22,0.002025789230995498
2019-02-25,0.0011738949172827905
2019-02-26,0.001568884123215662
2019-02-27,-0.0020716826429732246
2019-02-28,-0.003774571157482229
2019-03-04,-0.0007556040325776981
2019-03-05,0.001548672622422332
2019-03-06,-0.003421104572141774
2019-03-07,-0.005989022134414614
2019-03-08,-0.001486421534597686
2019-03-11,0.008053152016073076
2019-03-12,0.0028278555655460265
2019-03-13,0.0033388602090640394
2019-03-14,-0.0019019278010688533
2019-03-15,0.004346593119109277
2019-03-18,0.0033626284734213554
2019-03-19,0.0005289573382048328
2019-03-20,-6.684532181238084e-05
2019-03-21,0.003806267514420479
2019-03-22,-0.011896594084525671
2019-03-25,0.0007329272207092268
2019-03-26,0.0033137126215658937
2019-03-27,-0.0041588532814433
2019-03-28,0.0018804045094383795
2019-03-29,0.003951823553576648
2019-04-02,0.001188009100263179
2019-04-03,-0.0008938231086797272
2019-04-04,0.0025991394990712104
2019-04-05,0.0028866520902676492
2019-04-08,0.0003465046090814765
2019-04-09,-0.0010634432359805765
2019-04-10,0.0032202301480145526
2019-04-11,-0.004391566997984573
2019-04-12,0.00196160810548022
2019-04-15,-0.0003650645254297237
2019-04-16,-0.002301803093360859
2019-04-17,-0.0012012329048729222
2019-04-18,0.0022045290597124886
2019-04-22,-0.0010449646072234148
2019-04-23,0.004460549048809609
2019-04-24,0.00028964470152487544
2019-04-25,-0.0006102482684231641
2019-04-26,0.004125602889105199
2019-04-29,-0.0012902430589286408
2019-04-30,0.001982964138320633
2019-05-02,-0.002618643270775682
2019-05-03,0.007197083419399817
2019-05-06,-0.00321110298491533
2019-05-07,-0.006891690233121651
2019-05-08,-0.002452660985021376
2019-05-09,-0.0012167290551137358
2019-05-10,0.0030640767774745355
2019-05-13,-0.010394579956557246
2019-05-14,0.004245324888996249
2019-05-15,0.005222058449582623
2019-05-16,0.0018921279983056987
2019-05-17,-0.004264494153576265
2019-05-20,-0.0046084931276904545
2019-05-21,0.004758367185127475
2019-05-22,0.00044576079214780884
2019-05-23,-0.001584704007297445
2019-05-24,0.0019602528660169955
2019-05-28,-0.0015481629988039404
2019-05-29,-0.0015700985829281843
2019-05-30,0.005499122658571523
2019-05-31,0.0007503056730498391
2019-06-04,0.005742548711086409
2019-06-05,0.0016021064436493955
2019-06-06,0.0045453492933654445
2019-06-07,0.009237249069067869
2019-06-10,-0.0016978608068634617
2019-06-11,0.0010555340697203585
2019-06-12,-0.0011872230008539036
2019-06-13,0.0035213269207545876
2019-06-14,-0.00045399177497287385
2019-06-17,0.0012488301374468293
2019-06-18,0.008756186973052353
2019-06-19,0.0025592062252775857
2019-06-20,0.007613018244922797
2019-06-21,-0.005292051754998505
2019-06-24,0.0030354873838603926
2019-06-25,-0.004122987197321384
2019-06-26,-0.0033063869206654494
2019-06-27,0.004966082753489042
2019-06-28,0.0025028728572607166
2019-07-02,0.006036036791869013
2019-07-03,0.007874910573036142
2019-07-05,-0.006939185233879016
2019-07-08,-0.0016638077174503632
2019-07-09,0.0006427690680359903
2019-07-10,7.45913780954852e-05
2019-07-11,-0.006040527301875683
2019-07-12,0.0025174192558820347
2019-07-15,0.0027714408275529637
2019-07-16,-0.00304763702459421
2019-07-17,0.001612413950222481
2019-07-18,0.0017344189936494823
2019-07-19,-0.004837948413149358
2019-07-22,0.001955877100337593
2019-07-23,0.0015984062784259042
2019-07-24,0.0042541930085834454
2019-07-25,-0.004857857734071766
2019-07-26,0.004533197649302777
2019-07-29,-0.0005092353927974663
2019-07-30,0.0005648485401577482
2019-07-31,-0.0016272374958781056
2019-08-02,7.868865098240579e-05
2019-08-05,-0.0032160879068390716
2019-08-06,0.010535308351417255
2019-08-07,0.0028188369949784325
2019-08-08,0.009946351877044032
2019-08-09,-0.0042362648945712044
2019-08-12,0.005142758418125737
2019-08-13,0.004172948693086161
2019-08-14,-0.0019760736386491033
2019-08-15,0.006816943079893796
2019-08-16,0.0018608593552497596
2019-08-19,-0.002764977130457653
2019-08-20,0.002340734487189396
2019-08-21,0.0001608802024087429
2019-08-22,-0.0033256895615286866
2019-08-23,-0.0008302345221150228
2019-08-26,0.002993743262655749
2019-08-27,0.006331341502531127
2019-08-28,0.0030435421121671725
2019-08-29,0.0026759176659062944
2019-08-30,-0.0004683128418674135
2019-09-04,0.008690649960550809
2019-09-05,-0.0026521444629281
2019-09-06,0.000679815223570149
2019-09-09,-0.0042341205998244515
2019-09-10,-0.006071169724752255
2019-09-11,0.004700474381024731
2019-09-12,0.0015397371316306701
2019-09-13,-0.006417358847882808
2019-09-16,0.0026416963218042462
2019-09-17,0.0033031809222247997
2019-09-18,-0.0008545200576025469
2019-09-19,0.0009755823261696018
2019-09-20,0.00335932933874876
2019-09-23,0.0013794178552693024
2019-09-24,-0.0011424460982162894
2019-09-25,-0.004181117030424148
2019-09-26,0.000877745325956787
2019-09-27,-0.0045479394220308295
2019-09-30,-8.980304584416972e-05
2019-10-02,-0.009731122530833376
2019-10-03,0.00610685351400091
2019-10-04,0.007592448580554242
2019-10-07,-0.0029533243852217553
2019-10-08,-0.007042322822563771
2019-10-09,0.0041310720562774735
2019-10-10,0.0016175102152622602
2019-10-11,0.004952194401918664
2019-10-14,0.00031599382664909866
2019-10-15,0.003796960514894863
2019-10-16,4.053430529587902e-06
2019-10-17,0.0016765752874807007
2019-10-18,-0.0010100863364317018
2019-10-21,0.0025681619010327473
2019-10-22,-0.001091539878777388
2019-10-23,0.0020956008801813505
2019-10-24,0.0003666963720222849
2019-10-25,0.00020164840646945067
2019-10-28,0.0010213439722963243
2019-10-29,0.0002531443460062465
2019-10-30,0.004128106562603365
2019-10-31,0.0006644780015863183
2019-11-04,0.0008061361865911067
2019-11-05,-0.003024762592476105
2019-11-06,0.00047400406442640674
2019-11-07,-0.0003244456160097117
2019-11-08,6.11782134208368e-05
2019-11-11,-0.0005586760471747118
2019-11-12,0.00021168286655326457
2019-11-13,0.0009343949304851291
2019-11-14,0.0016802321523912453
2019-11-15,0.003885194187112923
2019-11-18,0.001053749958304854
2019-11-19,0.00010677832151727689
2019-11-20,-0.0014836250435613031
2019-11-21,-0.002530457938759014
2019-11-22,0.0005122971285001851
2019-11-25,0.004065262379018694
2019-11-26,0.0026229619001015775
2019-11-27,0.0020940525959459813
2019-11-29,-0.0031455264029633424
2019-12-03,0.0071740232822659926
2019-12-04,-0.00022061899975507116
2019-12-05,-0.0013853630994553555
2019-12-06,0.0006350576944739058
2019-12-09,-0.0010603449522980485
2019-12-10,0.00014693728626065654
2019-12-11,0.005269888345722383
2019-12-12,-0.0030336858375623007
2019-12-13,0.0053353378160049605
2019-12-16,-0.00016401943454300157
2019-12-17,-0.0006882045329353989
2019-12-18,-0.0032200629638237392
2019-12-19,0.002352146419787866
2019-12-20,0.002078262110821424
2019-12-23,0.0005445375679856232
2019-12-24,0.002388972744159618
2019-12-26,0.0045305714718128515
2019-12-27,-4.887467439050326e-08
2019-12-30,-0.0037561737276922205
2019-12-31,-0.0017354708345542727
2020-01-03,-0.0006624468598202079
2020-01-06,0.0021115969632139017
2020-01-07,-0.002490316033181557
2020-01-08,0.0004209537045486404
2020-01-09,0.004149537548485007
2020-01-10,0.0001422771726450231
2020-01-13,0.0027892680884341724
2020-01-14,0.00013083459241761038
2020-01-15,0.0023803858981153673
2020-01-16,0.003881241967748275
2020-01-17,0.0005588689788174265
2020-01-21,6.564331333218636e-05
2020-01-22,4.023444655878891e-05
2020-01-23,0.0017588545593856565
2020-01-24,-0.0037550719664437584
2020-01-27,-0.008354717602481266
2020-01-28,0.004728418604668526
2020-01-29,0.001307393011389908
2020-01-30,0.0010439572105391212
2020-01-31,-0.009862051948096362
2020-02-04,0.006317059656706256
2020-02-05,0.006955109087077646
2020-02-06,0.003224827167967584
2020-02-07,-0.002532171218839208
2020-02-10,0.004173229271777225
2020-02-11,0.0008849116329764333
2020-02-12,0.0039421183598191255
2020-02-13,0.0004208978734687931
2020-02-14,0.0018266550943215624
2020-02-18,0.0009339948994062612
2020-02-19,0.0034309426748962905
2020-02-20,-0.001234165405370092
2020-02-21,-0.0027969846859308496
2020-02-24,-0.017906249756189062
2020-02-25,-0.020496657840976255
2020-02-26,-0.00202805617037849
2020-02-27,-0.026093524680138737
2020-02-28,-0.009482884144527698
2020-03-03,-0.009473059711379989
2020-03-04,0.020856119714755282
2020-03-05,-0.014441111636729441
2020-03-06,-0.004274494718485229
2020-03-09,-0.041741715491436654
2020-03-10,0.020960161705112786
2020-03-11,-0.03233593377550785
2020-03-12,-0.05617212996884742
2020-03-13,0.04306116126004137
2020-03-16,-0.0620957437049176
2020-03-17,0.023194012015677633
2020-03-18,-0.039053680280310296
2020-03-19,0.005293950756211158
2020-03-20,-0.012826764959005768
2020-03-23,-0.010043378969904568
2020-03-24,0.04869173560610665
2020-03-25,0.014744814939770316
2020-03-26,0.032383541786921696
2020-03-27,-0.011843737444662893
2020-03-30,0.014362772140958713
2020-03-31,-0.008742242274403244
2020-04-02,0.010977036297983033
2020-04-03,-0.0026856679539733887
2020-04-06,0.02496050468947979
2020-04-07,-0.004052114422004123
2020-04-08,0.006221877977600971
2020-04-09,0.016557811567828824
2020-04-13,-0.006486977469317227
2020-04-14,0.009200923630211494
2020-04-15,0.0004176660190755505
2020-04-16,0.0037935994291369954
2020-04-17,-0.001728750418359562
2020-04-20,-0.0017806716065745095
2020-04-21,-0.0028495443746420056
2020-04-22,0.0054423039089101215
2020-04-23,0.0029954687394519765
2020-04-24,0.0023104655391609063
2020-04-27,-0.002778698090339552
2020-04-28,0.005418080885575207
2020-04-29,0.0060579905908689
2020-04-30,-0.0137046444770568
2020-05-04,0.0022757779027947622
2020-05-05,0.001292218027718716
2020-05-06,-0.004128498838675989
2020-05-07,0.005309390570815165
2020-05-08,0.00182700211863362
2020-05-11,-0.002771387010095423
2020-05-12,0.0007979754683668388
2020-05-13,0.0017635623880421457
2020-05-14,0.002904929329819799
2020-05-15,-0.0011896089464609517
2020-05-18,0.003905376782121985
2020-05-19,0.0004900800871889023
2020-05-20,0.002934238709320128
2020-05-21,-0.004552439048110333
2020-05-22,-0.0017543412832833544
2020-05-26,0.00022978423675807362
2020-05-27,0.0006678309555136126
2020-05-28,-0.0006079464199193473
2020-05-29,0.004685237553325683
2020-06-02,0.00456942376422184
2020-06-03,0.0014498480722086198
2020-06-04,-0.0011062248261319318
2020-06-05,0.00206914682741802
2020-06-08,0.003994179064018314
2020-06-09,0.00046748659936498183
2020-06-10,0.004464193302730416
2020-06-11,-0.014505651018934956
2020-06-12,0.005838990661894781
2020-06-15,-0.0019424114657614917
2020-06-16,0.0012258716560777727
2020-06-17,0.0026733492553005925
2020-06-18,-0.0002512914887533356
2020-06-19,0.0025182359750673027
2020-06-22,0.004271195919936899
2020-06-23,0.004193362217811426
2020-06-24,-0.004534494402850114
2020-06-25,0.0010338127334609303
2020-06-26,-0.0021369268418237114
2020-06-29,0.0015965271967796955
2020-06-30,7.616777227530819e-07
2020-07-02,0.003954247645935224
2020-07-06,0.00805406090907149
2020-07-07,-0.003905386717563515
2020-07-08,0.0033781560639821024
2020-07-09,-0.003482608208477531
2020-07-10,0.005095401720919277
2020-07-13,-0.0037455595827655063
2020-07-14,0.004043448005109503
2020-07-15,0.006075004209245375
2020-07-16,-0.005053761120125449
2020-07-17,0.0012091713830101167
2020-07-20,0.0014351486344486666
2020-07-21,0.002772539180104686
2020-07-22,0.000527232961724607
2020-07-23,-0.002419391935711929
2020-07-24,-0.0006138983784560635
2020-07-27,0.008450370770824958
2020-07-28,-0.0033770380853998944
2020-07-29,0.0026939910106480564
2020-07-30,-0.006813523216543374
2020-07-31,-0.006231861232041055
2020-08-04,0.006516184410366659
2020-08-05,0.0027094447315978033
2020-08-06,0.0038257025004978813
2020-08-07,-0.0005735677134664813
2020-08-10,0.0011972453907302155
2020-08-11,-0.009677572534346096
2020-08-12,0.0072398991338995956
2020-08-13,0.000585812809551696
2020-08-14,-0.00041098799138213906
2020-08-17,0.005086701297210401
2020-08-18,0.0015700125100298662
2020-08-19,-0.007515757161725712
2020-08-20,0.002392939304826289
2020-08-21,0.0002613205582541838
2020-08-24,0.004568043889739916
2020-08-25,0.0016625784355105218
2020-08-26,0.003842692947971493
2020-08-27,2.731633432317309e-05
2020-08-28,0.005567024391975935
2020-08-31,-0.002650094869546347
2020-09-02,0.00349595293070711
2020-09-03,-0.011785957220209182
2020-09-04,-0.007196922921818734
2020-09-08,-0.0066908864459322625
2020-09-09,0.009257615269955756
2020-09-10,-0.004545187685002634
2020-09-11,0.0017578600572386188
2020-09-14,0.005906466224607344
2020-09-15,0.00018993517915267757
2020-09-16,-0.001124104292452259
2020-09-17,-0.0023165894142736215
2020-09-18,-0.004088928329767498
2020-09-21,-0.011076782986608979
2020-09-22,-3.627019320552329e-05
2020-09-23,-0.013506722529152118
2020-09-24,0.0034325306564552635
2020-09-25,0.0024887961508157867
2020-09-28,0.008240524738456257
2020-09-29,0.0019162521958081655
2020-09-30,-0.0037995269344471417
2020-10-02,-0.007057684329454606
2020-10-05,0.010630036527430829
2020-10-06,-0.006309750414417934
2020-10-07,0.008403450059548288
2020-10-08,0.006299006019276856
2020-10-09,0.005345461707124159
2020-10-12,0.006737418400432784
2020-10-13,-0.0029320171520253986
2020-10-14,-0.0015949516643006417
2020-10-15,-0.0009729380372512781
2020-10-16,-0.0018085449994494841
2020-10-19,-0.00742914777641098
2020-10-20,0.0025627861777003094
2020-10-21,-0.0013763809276207935
2020-10-22,0.001200261423742237
2020-10-23,0.0013021439532578632
2020-10-26,-0.010536075462556875
2020-10-27,0.00043966683850484397
2020-10-28,-0.02154275436956212
2020-10-29,0.002610294013440905
2020-10-30,-0.0063649106901965185
2020-11-03,0.004453471535783686
2020-11-04,0.007984289087814933
2020-11-05,0.005505182716805031
2020-11-06,0.00014148061341568775
2020-11-09,0.006622530059292163
2020-11-10,-0.0006292083809592969
2020-11-11,0.0022456487048205295
2020-11-12,-0.0038023447787871563
2020-11-13,0.00692151447932356
2020-11-16,0.004698194365002418
2020-11-17,-0.0003878803895445472
2020-11-18,-0.0036700484623846934
2020-11-19,0.0011424862446958407
2020-11-20,0.00033352184531409046
2020-11-23,0.0009306553605454806
2020-11-24,0.004462820810662865
2020-11-25,-0.0011663787830902231
2020-11-27,0.0017643833271905524
2020-11-30,-0.007316971926498899
2020-12-02,0.00044120783238730746
2020-12-03,0.006074932849584892
2020-12-04,0.0046489482481490655
2020-12-07,0.0003641906021782546
2020-12-08,0.0009635254183841442
2020-12-09,-0.00603808565451436
2020-12-10,0.007288193944287655
2020-12-11,-0.0037762533201389087
2020-12-14,-0.0025660901592729993
2020-12-15,0.005868280630222463
2020-12-16,0.00300028667058533
2020-12-17,0.004289943118960868
2020-12-18,-0.0012099812014633084
2020-12-21,-0.007846402061161144
2020-12-22,-0.004452631836768183
2020-12-23,0.005865165074768259
2020-12-24,-0.0026954623667656804
2020-12-28,0.0012023280561664384
2020-12-29,0.0071965187109606895
2020-12-30,0.007723192965641856
2020-12-31,-0.0007661362063094376
2021-01-05,0.010764369929599473
2021-01-06,0.0008265759842332803
2021-01-07,0.0025899571731623104
2021-01-08,0.008404022936587872
2021-01-11,-0.0065453622726059126
2021-01-12,0.00585492824262728
2021-01-13,0.00031358308146826945
2021-01-14,0.004864505594497105
2021-01-15,-0.008687228322932727
2021-01-19,0.005566156737789383
2021-01-20,0.004872885231283583
2021-01-21,4.496290917383906e-05
2021-01-22,-0.005012466271840381
2021-01-25,0.0025998835640867763
2021-01-26,-0.000509876641122517
2021-01-27,-0.011015282268679615
2021-01-28,0.002434968306373497
2021-01-29,-0.00910984345958234
2021-02-02,0.0073184469667066125
2021-02-03,0.003916886229067365
2021-02-04,0.0015754883872170409
2021-02-05,0.005087580069380659
2021-02-08,0.00782612093459769
2021-02-09,0.0046598896229817725
2021-02-10,-0.0003533367377265825
2021-02-11,0.003424081775580061
2021-02-12,0.004625086090963888
2021-02-16,0.0050065010634545385
2021-02-17,-4.5814907118118155e-05
2021-02-18,-0.006348296412782188
2021-02-19,0.002711591536352422
2021-02-22,-0.001796528391604977
2021-02-23,0.001792934803744868
2021-02-24,0.0012761923947277969
2021-02-25,-0.011381458976714913
2021-02-26,-0.011598527956102642
2021-03-02,-0.0021475614502130735
2021-03-03,0.00042877104861709336
2021-03-04,-0.003400820664376885
2021-03-05,0.008157255310121667
2021-03-08,-0.011197235578241734
2021-03-09,0.007151273015354774
2021-03-10,0.0010946503418528255
2021-03-11,0.011979058827091108
2021-03-12,-0.005020639036814069
2021-03-15,-0.00017027533622553223
2021-03-16,0.0004320188921328131
2021-03-17,0.0009671159351946851
2021-03-18,-0.0162068280469839
2021-03-19,0.008745679465990397
2021-03-22,-0.001395807196780296
2021-03-23,-0.013044242985823662
2021-03-24,-0.0007278858928879278
2021-03-25,-0.0035960241166418643
2021-03-26,0.01392251096270908
2021-03-29,-0.001973330588227838
2021-03-30,-0.003322024388909251
2021-03-31,0.0019302173651829355
2021-04-05,0.0014704434138574879
2021-04-06,0.0014939877995521684
2021-04-07,-0.0010625169652720857
2021-04-08,-0.00037663358183219595
2021-04-09,-0.0010861225897605897
2021-04-12,0.0014679432806757166
2021-04-13,0.001983493422935589
2021-04-14,-0.001465343677644761
2021-04-15,0.006993757576174251
2021-04-16,0.0008541302292931545
2021-04-19,0.0004221323263809665
2021-04-20,0.0022942411783965526
2021-04-21,0.002882078846888742
2021-04-22,-0.0019738756844260553
2021-04-23,0.0031276748550622575
2021-04-26,0.0010494106167558863
2021-04-27,-0.00013374794549331372
2021-04-28,-0.0001104320013681205
2021-04-29,0.0027275473284172785
2021-04-30,0.00016654871340350855
2021-05-04,-0.00827149903302809
2021-05-05,0.0028389404448128978
2021-05-06,0.00514874478003729
2021-05-07,0.00798938698782551
2021-05-10,-0.005099847988265198
2021-05-11,-0.007428197366861739
2021-05-12,-0.010805853438433237
2021-05-13,0.007325235149998039
2021-05-14,0.01160834465786515
2021-05-17,-0.0013881614529383424
2021-05-18,-0.0015249465359967469
2021-05-19,-0.005217032014744834
2021-05-20,0.009164779107265746
2021-05-21,0.0006280533247715794
2021-05-24,0.006005342711014581
2021-05-25,2.214031972171826e-05
2021-05-26,-0.0007834287859878181
2021-05-27,0.00047586262895347233
2021-05-28,0.0027962708185394385
2021-06-02,0.0040641071208678495
2021-06-03,-0.0019512388369030509
2021-06-04,0.0024343953001634885
2021-06-07,0.003295713364040652
2021-06-08,0.0034099428231760816
2021-06-09,0.0011952651071262801
2021-06-10,0.0032510421681285957
2021-06-11,-0.001296494402057205
2021-06-14,0.000531384708267266
2021-06-15,-0.003533382819385483
2021-06-16,-0.0026282860692752414
2021-06-17,0.0011707832816618036
2021-06-18,-0.004430721306137059
2021-06-21,0.0057212065333655145
2021-06-22,-0.0010248385197952398
2021-06-23,-0.0009785506260870998
2021-06-24,0.00011176930740971293
2021-06-25,0.0011051920563115382
2021-06-28,0.0003263622896916171
2021-06-29,-0.0006149799662315493
2021-06-30,-0.0012101842225679328
2021-07-02,0.004475707267996685
2021-07-06,-0.0009104103359101057
2021-07-07,0.0015313808606513934
2021-07-08,-0.0015394963933707925
2021-07-09,0.005069042581421011
2021-07-12,2.302748173500888e-06
2021-07-13,0.0005600845181778145
2021-07-14,0.005183950522261167
2021-07-15,-0.001597506182204263
2021-07-16,-0.006016850001629008
2021-07-19,-0.005496997477415814
2021-07-20,0.0017623869375021305
2021-07-21,0.0018534619130272543
2021-07-22,0.0019689097241575837
2021-07-23,-0.00013536477050488007
2021-07-26,-0.0003573812260798885
2021-07-27,-0.00013788237756936835
2021-07-28,0.003702847708668913
2021-07-29,0.00821325163808985
2021-07-30,-0.005368125633671598
2021-08-03,0.0017788049157456774
2021-08-04,-0.0010708814230627917
2021-08-05,0.0008404686083813464
2021-08-06,-0.004382809876247905
2021-08-09,-0.0014983092655439369
2021-08-10,-0.0016670755715267052
2021-08-11,0.0018312443907072123
2021-08-12,-0.0002807405721585843
2021-08-13,0.005013552022333432
2021-08-16,-0.00016949462089925653
2021-08-17,-0.001844341685686026
2021-08-18,-0.0013072321705443635
2021-08-19,0.0009957696236074527
2021-08-20,0.0014387339453733675
2021-08-23,0.0019247809852456247
2021-08-24,-0.0012499184918492174
2021-08-25,-0.002039986079969787
2021-08-26,-0.00047890787921059657
2021-08-27,0.004218386212198676
2021-08-30,0.0016453432414565003
2021-08-31,-0.0010058735673387222
2021-09-02,0.0029381801277327535
2021-09-03,0.0008352241043319394
2021-09-07,-0.011241817174374983
2021-09-08,0.001448433694875926
2021-09-09,-0.0006804840257227699
2021-09-10,-0.00582935576675383
2021-09-13,0.005206804971363302
2021-09-14,0.003416131450088048
2021-09-15,0.000702387074321936
2021-09-16,-0.008728817080432048
2021-09-17,-0.006271164490926763
2021-09-20,-0.001105379848792274
2021-09-21,0.0028152889626005006
2021-09-22,0.005062567033945682
2021-09-23,-0.004644046744730778
2021-09-24,-0.0043469736950953845
2021-09-27,-0.001338655223602334
2021-09-28,-0.012830611162767848
2021-09-29,0.0001838365563746081
2021-09-30,0.0012749272967077165
2021-10-04,-0.006508385828481075
2021-10-05,0.0008732257239970015
2021-10-06,0.004585079181236752
2021-10-07,0.002184803807776387
2021-10-08,-0.004828313049808592
2021-10-11,-0.0038034519182524058
2021-10-12,0.006604071178907426
2021-10-13,0.007111325941580058
2021-10-14,0.011932917265750579
2021-10-15,0.0019239263463430713
2021-10-18,0.002272752997212305
2021-10-19,0.0001786431960352947
2021-10-20,0.0037685780862198727
2021-10-21,0.0009454518953303744
2021-10-22,0.004206656449868219
2021-10-25,0.0021668274813164924
2021-10-26,0.003430306788645654
2021-10-27,0.0008915126569520421
2021-10-28,0.00733362252110475
2021-10-29,-0.0014896298528293912
2021-11-02,0.0017704123034227837
2021-11-03,-0.004875796853921442
2021-11-04,0.0003671489215241426
2021-11-05,0.005639180914730792
2021-11-08,0.00045264769405646056
2021-11-09,0.003477913638437713
2021-11-10,-0.006148538031531738
2021-11-11,0.001414522097862852
2021-11-12,-0.0003307190630861153
2021-11-15,-0.0013526510672408386
2021-11-16,-0.0017047104574426676
2021-11-17,0.0005785026299352561
2021-11-18,0.0012000328852394349
2021-11-19,-0.0013485764052455804
2021-11-22,-0.00253906463930001
2021-11-23,0.000982195256785147
2021-11-24,0.0034181362971767585
2021-11-26,-0.009226691648688003
2021-11-29,-0.00012443031058593335
2021-11-30,-0.004806220066290923
2021-12-02,0.013169933072858147
2021-12-03,-0.0027617610417041178
2021-12-06,0.009352445905709455
2021-12-07,0.01461220306148656
2021-12-08,0.001505596235351283
2021-12-09,-0.008182710464736564
2021-12-10,0.006083931320774689
2021-12-13,-0.001572192382793553
2021-12-14,-0.007120938970850777
2021-12-15,0.008743822866588457
2021-12-16,-0.0023865644476860973
2021-12-17,-0.006472406776773765
2021-12-20,-0.007563906769479341
2021-12-21,0.013228660826658942
2021-12-22,0.00972330813595005
2021-12-23,0.0025829333756092034
2021-12-27,0.011461200010134138
2021-12-28,-0.000928313252688106
2021-12-29,0.00036380201763782077
2021-12-30,8.127922849307276e-05
2021-12-31,-0.0008580735564993861
2022-01-04,-0.0011233843949383878
2022-01-05,-0.012124098385892138
2022-01-06,0.0006532356851751797
2022-01-07,-0.0025581823608309046
2022-01-10,-0.0006934504542218233
2022-01-11,0.005660666691589716
2022-01-12,0.0019635644551658305
2022-01-13,-0.004848080099643333
2022-01-14,-0.0027511638766096313
2022-01-18,-0.010371444393346665
2022-01-19,-0.0038939077880086152
2022-01-20,-0.0040222359807742586
2022-01-21,-0.0067597324218783734
2022-01-24,-0.0005660157885206938
2022-01-25,-0.004766877605026361
2022-01-26,-0.005247248909168214
2022-01-27,-0.0024399264435294955
2022-01-28,0.012637530243155186
2022-01-31,0.009763582814305883
2022-02-02,0.006364976654721982
2022-02-03,-0.008250071021956901
2022-02-04,-0.0006347991269270914
2022-02-07,0.0001963252207115806
2022-02-08,-0.0016896935123620028
2022-02-09,0.008477767993516532
2022-02-10,-0.011338491511583504
2022-02-11,0.0017132344766755431
2022-02-14,-0.0028074773161744547
2022-02-15,-0.001073277544491266
2022-02-16,0.00208864486203061
2022-02-17,-0.0025727324408279535
2022-02-18,0.0014218320057577893
2022-02-22,0.0004527456877616179
2022-02-23,-0.006192553877195037
2022-02-24,0.003188225340218313
2022-02-25,0.005805976658577431
2022-02-28,0.0045223433109333345
2022-03-02,0.013561833206678878
2022-03-03,0.0017820807723202305
2022-03-04,0.013133554698470964
2022-03-07,0.0018311117527138555
2022-03-08,0.007560754355979483
2022-03-09,-0.026895412630274344
2022-03-10,-0.008182994677148437
2022-03-11,0.0029440468984527385
2022-03-14,-0.0165243165927018
2022-03-15,-0.009824271033889855
2022-03-16,0.011854656440575779
2022-03-17,0.01829073690801255
2022-03-18,0.0047092130072261115
2022-03-21,0.012269290100966583
2022-03-22,0.0023443181196027758
2022-03-23,0.008730351986612222
2022-03-24,-0.0029472854303469074
2022-03-25,0.0014471725371679551
2022-03-28,-0.01694042223003815
2022-03-29,0.0047185348167092835
2022-03-30,0.006908223779624755
2022-03-31,-0.01041868745364442
2022-04-04,0.009800242924541668
2022-04-05,-0.005629137921514951
2022-04-06,-0.004099191463521167
2022-04-07,0.001161424335196842
2022-04-08,0.0057978390504452295
2022-04-11,-0.004096853965502827
2022-04-12,0.012572056561794836
2022-04-13,0.010455180468300703
2022-04-14,0.001624085270211018
2022-04-18,0.004530623599519731
2022-04-19,-0.012355399902936333
2022-04-20,0.00033665022160251403
2022-04-21,-0.0027485662729616637
2022-04-22,-0.009488739385652293
2022-04-25,-0.0055727780860537115
2022-04-26,0.003831658356993606
2022-04-27,0.003437208938880124
2022-04-28,0.005113777808943103
2022-04-29,-0.002957992304541581
2022-05-03,-4.325912096503348e-05
2022-05-04,0.010913942500586152
2022-05-05,-0.008373515384926351
2022-05-06,-0.0017114776815915127
2022-05-09,-0.0184768222908447
2022-05-10,-0.003806364260368622
2022-05-11,0.004121911867249976
2022-05-12,-0.0006491992097019527
2022-05-13,0.007341780199604695
2022-05-16,0.0034460149738153667
2022-05-17,0.0009599485493625558
2022-05-18,-0.010462444890568858
2022-05-19,0.004385842902744142
2022-05-20,0.001479345863814121
2022-05-23,0.005265541978359978
2022-05-24,0.0013584561031576596
2022-05-25,0.0017588749546494859
2022-05-26,0.0035435891265707007
2022-05-27,0.007077653968332256
2022-05-31,-0.00456135487253082
2022-06-02,0.008142003614748747
2022-06-03,-0.00037788367483640255
2022-06-06,0.00044656511131759187
2022-06-07,0.003887700595497196
2022-06-08,-0.0015891654555429268
2022-06-09,-0.003902174854106253
2022-06-10,-0.005957561971799124
2022-06-13,-0.012130474221556092
2022-06-14,-0.00402509454637796
2022-06-15,0.004732786834502009
2022-06-16,-0.0034576564609840915
2022-06-17,-0.0072507691492613244
2022-06-21,0.0019241590256540912
2022-06-22,-0.0022465667956676734
2022-06-23,-0.002352544702614319
2022-06-24,0.005992336837470464
2022-06-27,-0.0010739259985500739
2022-06-28,0.0009739260981805238
2022-06-29,-0.004928243059811755
2022-06-30,-0.007539285258475836
2022-07-05,-0.026225988175111344
2022-07-06,-0.004281483342165879
2022-07-07,0.01499751981361733
2022-07-08,0.005156646422387137
2022-07-11,-0.004839787244066696
2022-07-12,-0.013318827127417835
2022-07-13,0.0020149056299835783
2022-07-14,-0.005865980736052755
2022-07-15,0.008365214084249435
2022-07-18,0.006570698420321407
2022-07-19,0.00940727457687017
2022-07-20,-0.002747494276083253
2022-07-21,-0.0018983529450442706
2022-07-22,-0.00450842864401055
2022-07-25,0.006895413917922999
2022-07-26,-0.004022042019302257
2022-07-27,0.012608454720051366
2022-07-28,0.002018742955550367
2022-07-29,0.0052705532583518155
2022-08-02,-0.0021213115840678243
2022-08-03,-0.0005405538127796744
2022-08-04,-0.0014504282979271213
2022-08-05,-0.0013129364542866524
2022-08-08,0.0026279817796792727
2022-08-09,0.001254598296394853
2022-08-10,0.004352234047766926
2022-08-11,0.004079841611897989
2022-08-12,-0.0003319805026269731
2022-08-15,-0.003019643622076268
2022-08-16,-0.0019238501838087087
2022-08-17,0.00015591055567250203
2022-08-18,0.002925844450744694
2022-08-19,-0.0011888766431671332
2022-08-22,0.00012195629583459282
2022-08-23,0.003655693715588581
2022-08-24,0.0022150008107954637
2022-08-25,-0.0018136947286478884
2022-08-26,-0.0011411212628932895
2022-08-29,0.0030078128513551395
2022-08-30,-0.005964620785874226
2022-08-31,-0.004663294502600345
2022-09-02,-0.0006066827462683567
2022-09-06,-0.0005787107985879669
2022-09-07,-0.00020108564159075052
2022-09-08,0.0005197753943660683
2022-09-09,0.0070903347379933195
2022-09-12,0.004480051400303695
2022-09-13,-0.007072874435367008
2022-09-14,0.0008805859814662045
2022-09-15,-0.005867870241930131
2022-09-16,-0.0010854956648953058
2022-09-19,0.0008973270010826784
2022-09-20,-0.0029412841060962305
2022-09-21,-0.003220517312161772
2022-09-22,-0.000546311272570435
2022-09-23,-0.008684082016689803
2022-09-26,-0.005569764195526261
2022-09-27,0.0003117923332733643
2022-09-28,0.007567386505467265
2022-09-29,-0.003561658214096015
2022-09-30,-0.0025545789170930795
2022-10-04,0.010700558202024356
2022-10-05,-0.0010687000440311979
2022-10-06,-0.0031392876498400808
2022-10-07,-0.007096577506780841
2022-10-10,-0.002789300241485464
2022-10-11,-0.0033855619839342817
2022-10-12,-0.0010089434835468135
2022-10-13,0.005352671769637913
2022-10-14,-0.0061253876038262
2022-10-17,0.007476298370151744
2022-10-18,0.0018107176221112509
2022-10-19,-0.0034416114815341036
2022-10-20,-0.00039709033304316044
2022-10-21,0.006749379080522472
2022-10-24,-0.002421402955336356
2022-10-25,0.005345946657179124
2022-10-26,0.0008353351346347454
2022-10-27,-0.0024431037265043236
2022-10-28,0.0037666908388894757
2022-10-31,-0.0021826893664498334
2022-11-02,-0.007018658147119591
2022-11-03,-0.002510079948502463
2022-11-04,0.006131300102155135
2022-11-07,0.002771268965589265
2022-11-08,0.0017859438391214085
2022-11-09,-0.00510549935608727
2022-11-10,0.016219076773079585
2022-11-11,0.003428686824553782
2022-11-14,-0.0024698121045822717
2022-11-15,0.002503283385694774
2022-11-16,-0.0015444284193767183
2022-11-17,-0.0005780225968937018
2022-11-18,0.0013662656604236272
2022-11-21,-0.0013118968516953697
2022-11-22,0.003945595501517099
2022-11-23,0.0022020107080390127
2022-11-25,0.0001808890240704984
2022-11-28,-0.004415264904466535
2022-11-29,8.463546318399092e-05
2022-11-30,0.008530460026214257
2022-12-02,-0.00015043431169993826
2022-12-05,-0.006679089047961641
2022-12-06,-0.003877251393730199
2022-12-07,0.0003657122562313885
2022-12-08,0.002668264248518513
2022-12-09,-0.002056409035136429
2022-12-12,0.0038237299957297553
2022-12-13,0.00581190719240628
2022-12-14,-0.0016958613385217453
2022-12-15,-0.012252464141558568
2022-12-16,-0.004564913533129271
2022-12-19,-0.0019364920824552095
2022-12-20,0.0010803069883671343
2022-12-21,0.006628122969470783
2022-12-22,-0.0050781321096600215
2022-12-23,0.001467923086499295
2022-12-27,-0.00018177516151083635
2022-12-28,-0.0051616209079757055
2022-12-29,0.008532475271605888
2022-12-30,-0.003792492662557937
2023-01-04,0.011163909909649524
2023-01-05,-0.0044517068739379165
2023-01-06,0.012527281094168181
2023-01-09,0.0043365063055067704
2023-01-10,0.0033089170607117557
2023-01-11,0.004671123144349942
2023-01-12,0.0063501181709024815
2023-01-13,0.00267413754977175
2023-01-17,-0.0007018366947819461
2023-01-18,-0.0024635901720283745
2023-01-19,-0.0022250435002590953
2023-01-20,0.004088516309244663
2023-01-23,0.0027645032761835233
2023-01-24,0.00027278410705470655
2023-01-25,0.002581944816430535
2023-01-26,0.001184911168738122
2023-01-27,-0.0019018789966867423
2023-01-30,-0.003593249291549718
2023-01-31,0.0045499223116016365
2023-02-02,-0.0017173006996594768
2023-02-03,-0.008574402816377271
2023-02-06,-0.004050486341312007
2023-02-07,0.0026615651632313814
2023-02-08,-0.0019303532832138362
2023-02-09,8.347438114624612e-05
2023-02-10,-0.0028881354219758228
2023-02-13,0.004241135180971149
2023-02-14,0.0016542194421176272
2023-02-15,-0.0007666545861499707
2023-02-16,-0.0015009899895259212
2023-02-17,0.0014889579427031507
2023-02-21,-0.006297171102005119
2023-02-22,-0.002475602701723077
2023-02-23,0.0034156602879913517
2023-02-24,-0.009344976567795408
2023-02-27,0.006644747562628976
2023-02-28,-0.0017042754273016848
2023-03-02,0.0014142822324309421
2023-03-03,0.008759849131952782
2023-03-06,-0.0002149962559769493
2023-03-07,-0.009923400603284917
2023-03-08,0.0027366123699958853
2023-03-09,-0.004584549791487057
2023-03-10,-0.0029864913227657898
2023-03-13,-0.003770188004067459
2023-03-14,0.00799931090855496
2023-03-15,-0.016856057325985278
2023-03-16,0.009194578891992993
2023-03-17,-0.005430070749486006
2023-03-20,0.009249884174303035
2023-03-21,0.008475281440113757
2023-03-22,-0.0005694490131321233
2023-03-23,0.0017918663476857027
2023-03-24,-0.004350320121823676
2023-03-27,0.003908640972004156
2023-03-28,0.0013448430699901015
2023-03-29,0.007509470097595958
2023-03-30,0.0080975973009359
2023-03-31,0.0019412155537268413
2023-04-04,0.0023581376967558294
2023-04-05,-0.0038989410377985334
2023-04-06,0.0029731140556942728
2023-04-10,-0.00020752505269220196
2023-04-11,0.0018672444757435905
2023-04-12,0.00506447420890749
2023-04-13,0.008773526428004693
2023-04-14,-0.002181381068212599
2023-04-17,-0.004439970879255995
2023-04-18,0.004796978997534097
2023-04-19,-0.0007270686744517923
2023-04-20,-0.0012429692098879829
2023-04-21,0.003900357017681428
2023-04-24,0.0022262569298339306
2023-04-25,-0.009963045198948
2023-04-26,0.0011093532181642323
2023-04-27,0.00710169951987168
2023-04-28,-0.0014078526946409153
2023-05-02,-0.005860236267519456
2023-05-03,0.0017846178070204356
2023-05-04,-0.0016873607664569783
2023-05-05,0.008171395701450111
2023-05-08,-0.0002307131510185492
2023-05-09,-0.00473428328174808
2023-05-10,-0.0004684024331048863
2023-05-11,-0.002832617811428572
2023-05-12,-0.0019015032321170685
2023-05-15,0.003166915024810822
2023-05-16,-0.005082269426702953
2023-05-17,0.0039043380729889728
2023-05-18,-0.00018458648108418072
2023-05-19,0.004677991149829271
2023-05-22,0.00015702574821189707
2023-05-23,-0.010417860645937551
2023-05-24,-0.00983945088052955
2023-05-25,0.00015558451279980008
2023-05-26,0.007831366022162728
2023-05-30,-0.005770228164183046
2023-05-31,-0.008873531925690679
2023-06-02,0.00449452935212367
2023-06-05,-0.0024674558579592977
2023-06-06,0.001629552102487795
2023-06-07,-0.0034328834695685575
2023-06-08,0.007036378754727668
2023-06-09,-0.0019651628898125417
2023-06-12,0.004982634370107545
2023-06-13,0.0029564110409833113
2023-06-14,0.002323906341688265
2023-06-15,0.007465450100978645
2023-06-16,-0.0006144526173651023
2023-06-20,-0.0058313836316825005
2023-06-21,-0.001432608117026331
2023-06-22,-0.0018586704286464987
2023-06-23,-0.005775921883156874
2023-06-26,0.00046115549649069343
2023-06-27,0.0062550877853799975
2023-06-28,0.00018550714751689452
2023-06-29,0.0008005811711672956
2023-06-30,0.008132867150473441
2023-07-05,-0.003460282986177658
2023-07-06,-0.00634524173821526
2023-07-07,0.003594340262001625
2023-07-10,0.0009774972459343236
2023-07-11,0.0038109302300874935
2023-07-12,0.007149111504912611
2023-07-13,0.006405720509163419
2023-07-14,-0.0032476441560993796
2023-07-17,0.0011585303808908244
2023-07-18,0.006910414810845703
2023-07-19,0.0005683489111366785
2023-07-20,-0.005608401184741791
2023-07-21,-0.0003795548479291487
2023-07-24,0.0006362699834889057
2023-07-25,0.001795469117918898
2023-07-26,0.0016182124546640134
2023-07-27,-0.0028581575903919992
2023-07-28,0.006135513155458893
2023-07-31,0.0001712822839212405
2023-08-02,-0.010054176006400548
2023-08-03,-0.002573018792185286
2023-08-04,0.0015096827273388149
2023-08-07,0.004498493084428849
2023-08-08,-0.0042146084970340544
2023-08-09,-0.0035084017568672203
2023-08-10,0.0012558740593482734
2023-08-11,-0.0014351461999270892
2023-08-14,-0.00028365324170721634
2023-08-15,-0.006949291391984821
2023-08-16,-0.005699954996215116
2023-08-17,-0.004161661637687409
2023-08-18,0.0008208268200262664
2023-08-21,0.002780571269035051
2023-08-22,0.00025875141074840674
2023-08-23,0.007918002625801442
2023-08-24,-0.007961925013085274
2023-08-25,0.0036972879095959078
2023-08-28,0.005297505823319923
2023-08-29,0.008308917488466697
2023-08-30,0.0012243724774474766
2023-08-31,0.00024788426100331453
2023-09-05,-0.003641313585392534
2023-09-06,-0.0030525137615727447
2023-09-07,-0.0011332075979578024
2023-09-08,-0.0009811235557217572
2023-09-11,0.005339926153213898
2023-09-12,-0.0033434503337739906
2023-09-13,-0.0003824714120338645
2023-09-14,0.006787750593459679
2023-09-15,-0.004010873614989665
2023-09-18,0.0015083958596799256
2023-09-19,-5.181803840856713e-05
2023-09-20,-0.005457682991356981
2023-09-21,-0.01072597013616929
2023-09-22,0.0003143858000661627
2023-09-25,-0.00019047388073999957
2023-09-26,-0.010227747728023729
2023-09-27,-0.0016412698766776173
2023-09-28,0.002152498311286529
2023-09-29,-0.005301286765765004
2023-10-03,-0.007707063900635605
2023-10-04,0.0007696735921404121
2023-10-05,0.0029193041258972737
2023-10-06,0.005372752757683919
2023-10-09,0.0058457789340767025
2023-10-10,0.00366911779493453
2023-10-11,0.0023607043551115195
2023-10-12,-0.002084852829624118
2023-10-13,0.0022040167571149515
2023-10-16,0.0031541155680687777
2023-10-17,0.0006944548935230524
2023-10-18,-0.004335160332814096
2023-10-19,-0.0016261255945277848
2023-10-20,-0.004546060022116927
2023-10-23,-0.001438632256145717
2023-10-24,0.0035214127030968913
2023-10-25,-0.004561646676819899
2023-10-26,-0.005603744173944361
2023-10-27,0.001999293100687939
2023-10-30,0.004208977904114652
2023-10-31,0.003031483495668174
2023-11-02,0.010526476050836672
2023-11-03,0.006415392056151066
2023-11-06,-0.0020392666783686855
2023-11-07,-0.0020244274657702658
2023-11-08,-0.004113335433881556
2023-11-09,-0.0015818386677823879
2023-11-10,0.006592347779118663
2023-11-13,0.00079542451511782
2023-11-14,0.011057328021987816
2023-11-15,-0.0011587045734098218
2023-11-16,0.0009397814587141418
2023-11-17,0.0040475679353071505
2023-11-20,0.003196609739198186
2023-11-21,-0.00022766468625858428
2023-11-22,0.0018242258353950687
2023-11-24,0.000681284099836025
2023-11-27,-0.0004937182772455134
2023-11-28,0.002089731553635193
2023-11-29,0.00011828809661865091
2023-11-30,0.0006413583644175958
2023-12-04,-0.008308790674398391
2023-12-05,-0.0012111597179315665
2023-12-06,0.0009648235714955257
2023-12-07,0.004044581760856364
2023-12-08,-0.0020468846246168653
2023-12-11,-0.0003172952068630669
2023-12-12,0.0013065584222619387
2023-12-13,0.011657067390149753
2023-12-14,0.001953820514002168
2023-12-15,-0.0038873920465937943
2023-12-18,0.002564611845991471
2023-12-19,0.004036055731669928
2023-12-20,-0.0065378302176327075
2023-12-21,0.007434167545974769
2023-12-22,0.001972875303477423
2023-12-26,0.0032016268855138653
2023-12-27,0.002386621431568976
2023-12-28,-0.0004182493544817638
2023-12-29,-0.0009216062035867415
2024-01-03,-0.004920081054343683
2024-01-04,-0.001146103967743901
2024-01-05,0.0015808141210086704
2024-01-08,0.005897542724644893
2024-01-09,-0.001297332625199213
2024-01-10,0.004201933727714043
2024-01-11,0.0016231590259354514
2024-01-12,0.003220059852896402
2024-01-16,-0.0038152346964212503
2024-01-17,-0.005363116821631996
2024-01-18,0.005826379581483725
2024-01-19,0.005307674559867063
2024-01-22,0.0018679214452404257
2024-01-23,0.00040039715184266825
2024-01-24,-0.0007127653796831167
2024-01-25,0.0021981113229563444
2024-01-26,-0.0016489013083453908
2024-01-29,0.005594154077945741
2024-01-30,-0.0005301258376017965
2024-01-31,-0.005160360393605534
2024-02-02,0.0007231160159451692
2024-02-05,-0.005020609200170549
2024-02-06,0.003996714116840908
2024-02-07,0.0029028483774558183
2024-02-08,0.001542014456382384
2024-02-09,0.002321911370605796
2024-02-12,-0.00037879324258543263
2024-02-13,-0.010425263377832238
2024-02-14,0.0051737694596938446
2024-02-15,0.007286765911624378
2024-02-16,-0.0030115914734356363
2024-02-20,-0.001256536617024725
2024-02-21,0.0014750596379850146
2024-02-22,0.008813515422306033
2024-02-23,0.0008653952207927137
2024-02-26,-0.003062282650366363
2024-02-27,0.001034809555837483
2024-02-28,0.0010532032092838558
2024-02-29,0.003283719460727643
2024-03-04,0.0019681359492038255
2024-03-05,-0.0017911781747119901
2024-03-06,0.005698793863095977
2024-03-07,0.005128137061507256
2024-03-08,-0.00117294737019312
2024-03-11,-0.0027683533225040637
2024-03-12,0.0028466381953105428
2024-03-13,-5.925394571308369e-05
2024-03-14,-0.002158615193288844
2024-03-15,-0.0016897829839034233
2024-03-18,0.003960032204381371
2024-03-19,0.002216555314647967
2024-03-20,0.006808235899083209
2024-03-21,0.0013944438874250056
2024-03-22,-0.002246171733606906
2024-03-25,-0.0015774345435450104
2024-03-26,0.0006418454448207105
2024-03-27,0.005130424806863813
2024-03-28,0.001617904671551235
2024-04-02,-0.0016495609817121222
2024-04-03,0.0035813346175688275
2024-04-04,-0.007072724371393895
2024-04-05,0.006294850191989701
2024-04-08,0.002564539804346011
2024-04-09,0.001048321414999888
2024-04-10,-0.008002414375891272
2024-04-11,0.006493319205869838
2024-04-12,-0.010328946201229091
2024-04-15,-0.0014233130852370915
2024-04-16,-0.002615968519774409
2024-04-17,-0.004145065557879204
2024-04-18,-0.0004491351423986515
2024-04-19,-0.0030524734331740973
2024-04-22,0.001728668874435567
2024-04-23,0.005586120366120079
2024-04-24,-0.00024658807086344223
2024-04-25,-0.0028707972025884152
2024-04-26,0.005777486371389173
2024-04-29,0.001698823484801746
2024-04-30,-0.010877128016588328
2024-05-02,0.006186904863751903
2024-05-03,0.006312515152118773
2024-05-06,0.006617923122751703
2024-05-07,-0.0010282396398969672
2024-05-08,-0.001557185654889376
2024-05-09,0.005912227838308029
2024-05-10,0.0012670745853353873
2024-05-13,-0.0020365888856987264
2024-05-14,0.00448192975929634
2024-05-15,0.008254514748768958
2024-05-16,-0.003681233789870523
2024-05-17,0.004218218159844757
2024-05-20,0.0018498531195518867
2024-05-21,-0.00039243900661866706
2024-05-22,-0.00622038723863308
2024-05-23,-0.006057802005567054
2024-05-24,0.0047349790218054934
2024-05-28,0.002640209433332494
2024-05-29,-0.008287020103389005
2024-05-30,0.00042006914805825513
2024-05-31,0.004390569728869526
2024-06-04,-0.008950777117534819
2024-06-05,0.008183464421303114
2024-06-06,0.0033634755870812754
2024-06-07,-0.006217039259253656
2024-06-10,0.0038566085342132076
2024-06-11,-0.001445082380743195
2024-06-12,0.005122032277222439
2024-06-13,-0.0009380934189718235
2024-06-14,0.0015247278055831766
2024-06-17,0.0033238854456387893
2024-06-18,0.005168370044640363
2024-06-20,-0.0006254660669036615
2024-06-21,-0.002317002643521585
2024-06-24,0.00013383491851272987
2024-06-25,-0.0019091835745410702
2024-06-26,-0.0015276682681592641
2024-06-27,0.0004347690983679431
2024-06-28,0.0013269760187505834
2024-07-02,0.0010215559705465962
2024-07-03,0.009998715741837345
2024-07-05,0.0044423261078319525
2024-07-08,-0.0032265701378703104
2024-07-09,-0.0013544234453853085
2024-07-10,0.007081220766607426
2024-07-11,0.004787048411068778
2024-07-12,0.005775474813791811
2024-07-15,-0.005258898699101587
2024-07-16,0.0052280628556325365
2024-07-17,-0.007427719445948593
2024-07-18,-0.00593026370253441
2024-07-19,-0.00690227658459535
2024-07-22,0.007292971922219324
2024-07-23,-0.00437588022830931
2024-07-24,-0.008745514404404284
2024-07-25,-0.004608438754928735
2024-07-26,0.009449233271223857
2024-07-29,-0.0034337408738776007
2024-07-30,0.0010745249424701335
2024-07-31,0.011230768100018915
2024-08-02,-0.008654030179481709
2024-08-05,-0.015587981090145519
2024-08-06,0.001979977891069762
2024-08-07,-0.001995907815084909
2024-08-08,0.013862712892644177
2024-08-09,0.00244585184910686
2024-08-12,0.003990349998787327
2024-08-13,0.007415918395903041
2024-08-14,-0.0003746813912654894
2024-08-15,0.008552025397159
2024-08-16,0.006459749655319905
2024-08-19,0.004403517978586196
2024-08-20,-0.00010060664525646997
2024-08-21,0.0018088022577932485
2024-08-22,-0.006327068295600816
2024-08-23,0.008119747281035306
2024-08-26,-0.0007713060199052689
2024-08-27,0.0014634394785647323
2024-08-28,-0.004067253651274269
2024-08-29,0.0013381250129414265
2024-08-30,0.0025554576552247834
2024-09-04,-0.001343156008405662
2024-09-05,0.001774313316339956
2024-09-06,-0.010457157992828387
2024-09-09,0.0063852408515319954
2024-09-10,0.002316870151921872
2024-09-11,0.0036238042836883927
2024-09-12,0.007938354891740574
2024-09-13,0.0038499711907880856
2024-09-16,0.00148476176295838
2024-09-17,-0.0021298669002649054
2024-09-18,-0.0031285037147567724
2024-09-19,0.012006091572797927
2024-09-20,0.002596628101800736
2024-09-23,0.002005554978723532
2024-09-24,0.004110203704431362
2024-09-25,-0.0013287457582170513
2024-09-26,0.005575772682269744
2024-09-27,-0.004487762411116218
2024-09-30,-0.00013454532001535343
2024-10-02,-0.00012370800945881236
2024-10-03,-0.0017953505293596662
2024-10-04,0.00266969438618745
2024-10-07,-0.0045496782193531265
2024-10-08,0.0015077244437055526
2024-10-09,0.0012144696732091886
2024-10-10,0.0006245683340721893
2024-10-11,0.005759883214357943
2024-10-14,0.0029441203463946896
2024-10-15,-0.0021701206507623917
2024-10-16,0.0031193773382095138
2024-10-17,0.001102964886664983
2024-10-18,0.005088176617259181
2024-10-21,-0.0023021715794777084
2024-10-22,0.0023954351037595726
2024-10-23,-0.005833356103846453
2024-10-24,0.0031581634210401774
2024-10-25,-0.0002261480891064733
2024-10-28,0.001771938252527298
2024-10-29,0.002612005855378237
2024-10-30,0.00026221946600848815
2024-10-31,-0.01152540040268607
2024-11-04,0.0002559788094660675
2024-11-05,0.005641112778853321
2024-11-06,-0.003067160521951241
2024-11-07,0.00910906289159318
2024-11-08,-0.0020484835031737737
2024-11-11,-0.007321762941853763
2024-11-12,-0.0051375128800875
2024-11-13,-0.003109781538320425
2024-11-14,-0.0031738888400161766
2024-11-15,-0.004482230609765853
2024-11-18,0.007742571798753653
2024-11-19,0.003979472304743853
2024-11-20,0.0017510361197953842
2024-11-21,0.0040344630618068976
2024-11-22,0.005091841261074468
2024-11-25,-0.007393632420377352
2024-11-26,0.001849853490164075
2024-11-27,0.00024668334090823695
2024-11-29,0.00498128072246277
2024-12-03,0.0011313577956901873
2024-12-04,0.0029842310195707946
2024-12-05,-0.0021572912808131765
2024-12-06,0.0008868685909789108
2024-12-09,0.0030216755719635275
2024-12-10,0.0017193360878823716
2024-12-11,0.0054639453001124
2024-12-12,-0.006492406224622873
2024-12-13,-0.003603673281920826
2024-12-16,0.0017225581076687174
2024-12-17,-0.0026210130879792057
2024-12-18,-0.01702491292770726
2024-12-19,0.0005188416303747142
2024-12-20,0.007445734614426968
2024-12-23,0.0007827388454622394
2024-12-24,0.004441670207382409
2024-12-26,0.002067771428024024
2024-12-27,-0.005596833714133957
2024-12-30,-0.005062144062810441
2024-12-31,0.0007936724546764286
2025-01-03,0.0024572497158444166
2025-01-06,0.0010535641666744252
2025-01-07,-0.002533970420296766
2025-01-08,0.0017043471262049531
2025-01-10,-0.003747417264676575
2025-01-13,-0.0023052143520736934
2025-01-14,0.002946580087195837
2025-01-15,0.00865547159626432
2025-01-16,0.0020789696925177245
2025-01-17,0.002198016543733356
2025-01-21,0.008504089138357778
2025-01-22,0.0025847117672034106
2025-01-23,0.0018184770389456527
2025-01-24,0.0014051633396449464
2025-01-27,-0.007796187123724852
2025-01-28,0.0051004410379074635
2025-01-29,-0.002875313599328796
2025-01-30,0.007337667402319489
2025-01-31,-0.001584841859010453
2025-02-04,0.006173673708660816
2025-02-05,0.002897397864147764
2025-02-06,0.0006960549705059315
2025-02-07,-0.002292985889423009
2025-02-10,0.007890514823315061
2025-02-11,-0.0010847258252568732
2025-02-12,-0.000369577087424533
2025-02-13,0.006741374909059236
2025-02-14,-0.00388767247927194
2025-02-18,0.006181118437426571
2025-02-19,0.0007785722149364115
2025-02-20,-0.0004438583904033804
2025-02-21,-0.0056982814251683445
2025-02-24,-0.0007558689120079504
2025-02-25,-0.005449470740754788
2025-02-26,0.0012362011071238297
2025-02-27,-0.010757822082689716
2025-02-28,0.002422903729807069
2025-03-04,-0.0005565686958187617
2025-03-05,0.0068038502820999295
2025-03-06,-0.007622449692764489
2025-03-07,0.0029650344962784546
2025-03-10,-0.013068176561533619
2025-03-11,0.0013379007461979647
2025-03-12,0.003004234172945842
2025-03-13,0.0004840988010160088
2025-03-14,0.008577309663207895
2025-03-17,0.005061209110579256
2025-03-18,0.0005200231318950152
2025-03-19,0.004727508610994902
2025-03-20,-0.002494029529504313
2025-03-21,-0.003017318381437598
2025-03-24,0.004170155565015972
2025-03-25,0.0027679279210556422
2025-03-26,-0.005348814460568553
2025-03-27,0.0033819304700591123
2025-03-28,-0.0044395290725566736
2025-03-31,0.005608344591457062
2025-04-02,0.0023656771460815592
2025-04-03,-0.01689991557627483
2025-04-04,-0.031280433845010794
2025-04-07,-0.017139958663303704
2025-04-08,-0.007791649294996169
2025-04-09,0.045014190094234206
2025-04-10,-0.007445187640267505
2025-04-11,0.014444363139095907
2025-04-14,0.005196350569179242
2025-04-15,0.0011156486901905968
2025-04-16,0.0004974681550789285
2025-04-17,0.00331448820041398
2025-04-21,0.00019483962002257344
2025-04-22,0.007034122989335832
2025-04-23,-6.530327096457755e-05
2025-04-24,0.00916367892914716
2025-04-25,-0.0019871116328317
2025-04-28,0.0043436421613864875
2025-04-29,0.00046653937849207533
2025-04-30,-0.0003512464457610287
2025-05-02,0.0073099189143661465
2025-05-05,0.00831047151637641
2025-05-06,0.005097650369790218
2025-05-07,-0.0050046842680316625
2025-05-08,-0.006075712536811034
2025-05-09,0.0042230396129778495
2025-05-12,-0.0015663748003555528
2025-05-13,-0.0006257384892098321
2025-05-14,-0.006803829618036368
2025-05-15,0.00847212959536356
2025-05-16,-0.00013377830738348567
2025-05-19,0.0041501757220365485
2025-05-20,0.0034273675990997635
2025-05-21,-0.005169701208118943
2025-05-22,-0.00348232158420579
2025-05-23,0.006434465412252105
2025-05-27,0.000251896337546682
2025-05-28,-0.0020866024050663606
2025-05-29,0.004546955735492506
2025-05-30,-0.0032820216718626133
2025-06-03,-0.002874187760821385
2025-06-04,0.0034978201894667466
2025-06-05,-0.0014963282999030745
2025-06-06,-0.003006272214542471
2025-06-09,0.0023219375827979844
2025-06-10,0.001976512218232262
2025-06-11,0.0012390406645585998
2025-06-12,0.005134680535268651
2025-06-13,0.001039464761475727
2025-06-16,-0.0032808937207337895
2025-06-17,-0.0016734238294388198
2025-06-18,-0.001253765182919185
2025-06-20,-0.00099599863361618
2025-06-23,0.0041009349291702335
2025-06-24,-0.0020628858659567
2025-06-25,-0.0019357008454979165
2025-06-26,0.0007258263978142497
2025-06-27,-0.004947717543463228
2025-06-30,0.005051596453748107
2025-07-02,0.003305253386950557
2025-07-03,-0.0006442821357581013
2025-07-07,-0.0031684419717546066
2025-07-08,-0.001239913262418507
2025-07-09,0.004094787784859557
2025-07-10,3.291146518786864e-05
2025-07-11,0.00035314398052814055
2025-07-14,-0.000622142539811444
2025-07-15,-0.0041885447463192935
2025-07-16,0.002792399660265481
2025-07-17,0.0010171129216897674
2025-07-18,-0.0003614319147347996
2025-07-21,0.005825384165411271
2025-07-22,0.0034482827795133592
2025-07-23,0.003826003366608743
2025-07-24,-0.003231736885847103
2025-07-25,-0.0020354180903431446
2025-07-28,-0.005682803723639282
2025-07-29,0.0007191328838457969
2025-07-30,-0.006151082956239759
2025-07-31,-0.0011056071564233857
2025-08-04,0.006577947643564933
2025-08-05,-0.00019145629238113735
2025-08-06,0.0021308151892953627
2025-08-07,0.005010799818644684
2025-08-08,0.0019706480986075962
2025-08-11,-0.0062830479899868945
2025-08-12,0.003192510240863384
2025-08-13,0.0033071820665903093
2025-08-14,-0.0012088048301643491
2025-08-15,0.0010142910819504352
2025-08-18,-0.0015292878063759893
2025-08-19,-0.0020581938207407885
2025-08-20,0.0033584728846341666
2025-08-21,-0.003143363433781798
2025-08-22,0.008853046338219999
2025-08-25,-0.00474611583621958
2025-08-26,0.002263192126163273
2025-08-27,0.0005246973745440602
2025-08-28,0.0037846580561414628
2025-08-29,0.001214891731975161
2025-09-03,0.0035226154216795105
2025-09-04,0.0008865494367683809
2025-09-05,0.0041469303298707835
2025-09-08,0.005269105185004206
2025-09-09,-0.0004346957312012402
2025-09-10,0.0006623559191425365
2025-09-11,0.002959640548103116
2025-09-12,0.0004443941803769657
2025-09-15,0.005616984495876055
2025-09-16,-4.40744021945841e-05
2025-09-17,-0.003368968471857489
2025-09-18,0.001388521111640479
2025-09-19,0.003492976408852085
2025-09-22,0.005969263182073018
2025-09-23,0.0009513900803374219
2025-09-24,-0.004061396807879811
2025-09-25,-0.0008440282479234707
2025-09-26,0.005042195999950361
2025-09-29,0.005858766916201471
2025-09-30,0.004216455258572248
2025-10-02,3.402891828436258e-05
2025-10-03,0.0030991972765498075
2025-10-06,0.005085986584835882
2025-10-07,-0.000732314471547408
2025-10-08,0.0066354770730487804
2025-10-09,-0.00757581667859841
2025-10-10,-0.0033231384749518355
2025-10-13,0.010685042574330979
2025-10-14,0.0033234121367282424
2025-10-15,0.006552349721074455
2025-10-16,0.007599024570307349
2025-10-17,-0.00434209971824811
2025-10-20,0.013586479292986299
2025-10-21,-0.020512195232914865
2025-10-22,-0.0011726532602861607
2025-10-23,0.0030825247138274755
2025-10-24,0.00019722883518587836
2025-10-27,-0.005246068381284219
2025-10-28,-0.002385110207863257
2025-10-29,-0.002235145656291603
2025-10-30,0.0035024000249945786
2025-10-31,-0.0018136706776457226
2025-11-04,-0.008121707678595649
2025-11-05,0.004820229145484539
2025-11-06,-0.0018368329063142516
2025-11-07,0.002852452665020154
2025-11-10,0.011774798324803392
2025-11-11,0.0029662763898257102
2025-11-12,0.006601767616738649
2025-11-13,-0.005480650092764014
2025-11-14,-0.006719178724543284
2025-11-17,-0.006697072198759753
2025-11-18,-0.0013991478554058454
